ID,TransectID,SamplingYear,SamplingDate,QuadratDistance,ACEMAC,BRODIA,CALAMA,DANCAL,ELEMAC,FESBRO
1,HAR01,2011,5/24/2011,35,0,0,0,0,0,999
2,HAR01,2011,5/24/2011,40,0,0,0,0,0,999
3,HAR01,2011,5/24/2011,50,0,0,0,0,0,0
4,HAR01,2012,5/8/2012,5,0,0,0,0,0,0
5,HAR01,2012,5/8/2012,10,0,0,0,0,0,0
6,HAR01,2012,5/8/2012,15,0,0,0,0,0,0
7,HAR01,2012,5/8/2012,20,0,0,0,0,0,999
8,HAR01,2012,5/8/2012,25,0,0,0,0,0,0
9,HAR01,2012,5/8/2012,30,0,0,0,0,0,999
10,HAR01,2012,5/8/2012,35,0,0,0,0,0,999
11,HAR01,2012,5/8/2012,40,0,0,0,0,0,999
12,HAR01,2012,5/8/2012,45,0,0,0,0,0,999
13,HAR01,2012,5/8/2012,50,0,0,0,0,0,0
14,HAR01,2013,5/9/2013,5,0,0,0,0,0,999
15,HAR01,2013,5/9/2013,10,0,0,0,0,0,999
16,HAR01,2013,5/9/2013,15,0,0,0,0,0,999
17,HAR01,2013,5/9/2013,20,0,0,0,0,0,999
18,HAR01,2013,5/9/2013,25,0,0,0,0,0,999
19,HAR01,2013,5/9/2013,30,0,0,0,0,0,999
20,HAR01,2013,5/9/2013,35,0,0,0,0,0,0
21,HAR01,2013,5/9/2013,40,0,0,0,0,0,0
22,HAR01,2013,5/9/2013,45,0,0,0,0,0,0
23,HAR01,2013,5/9/2013,50,0,0,0,0,0,0
24,HAR01,2014,5/5/2014,5,0,0,0,0,0,0
25,HAR01,2014,5/5/2014,10,0,0,0,0,0,0
26,HAR01,2014,5/5/2014,15,0,0,0,0,0,0
27,HAR01,2014,5/5/2014,20,0,0,0,0,0,999
28,HAR01,2014,5/5/2014,25,0,0,0,0,0,999
29,HAR01,2014,5/5/2014,30,0,0,0,0,0,999
30,HAR01,2014,5/5/2014,35,0,0,0,0,0,0
31,HAR01,2014,5/5/2014,40,0,0,0,0,0,999
32,HAR01,2014,5/5/2014,45,0,0,0,0,0,0
33,HAR01,2014,5/5/2014,50,0,0,0,0,0,0
34,HAR01,2015,5/7/2015,5,0,0,0,0,0,0
35,HAR01,2015,5/7/2015,10,0,0,0,0,0,0
36,HAR01,2015,5/7/2015,15,0,0,0,0,0,0
37,HAR01,2015,5/7/2015,20,0,0,0,0,0,0
38,HAR01,2015,5/7/2015,25,0,0,0,0,0,0
39,HAR01,2015,5/7/2015,30,0,0,0,0,0,0
40,HAR01,2015,5/7/2015,35,0,0,0,0,0,0
41,HAR01,2015,5/7/2015,40,0,0,0,0,0,0
42,HAR01,2015,5/7/2015,45,0,0,0,0,0,0
43,HAR01,2015,5/7/2015,50,0,0,0,0,0,0
44,HAR01,2016,5/4/2016,5,0,0,0,0,0,0
45,HAR01,2016,5/4/2016,10,0,0,0,0,0,-1
46,HAR01,2016,5/4/2016,15,0,0,0,0,0,0
47,HAR01,2016,5/4/2016,20,0,0,0,0,0,0
48,HAR01,2016,5/4/2016,25,0,0,0,0,0,0
49,HAR01,2016,5/4/2016,30,0,0,0,0,0,-1
50,HAR01,2016,5/4/2016,35,0,0,0,0,0,0
51,HAR01,2016,5/4/2016,40,0,0,0,0,0,-1
52,HAR01,2016,5/4/2016,45,0,0,0,0,0,0
53,HAR01,2016,5/4/2016,50,0,0,0,0,0,0
54,HAR02,2011,5/26/2011,10,0,0,0,0,0,999
55,HAR02,2011,5/26/2011,25,0,0,0,0,0,999
56,HAR02,2011,5/26/2011,30,0,0,0,0,0,999
57,HAR02,2012,5/10/2012,5,0,0,0,0,0,999
58,HAR02,2012,5/10/2012,10,0,0,0,0,0,999
59,HAR02,2012,5/10/2012,15,0,0,0,0,0,999
60,HAR02,2012,5/10/2012,20,0,0,0,0,0,999
61,HAR02,2012,5/10/2012,25,0,0,0,0,0,999
62,HAR02,2012,5/10/2012,30,0,0,0,0,0,999
63,HAR02,2012,5/10/2012,35,0,0,0,0,0,999
64,HAR02,2012,5/10/2012,40,0,0,0,0,0,0
65,HAR02,2012,5/10/2012,45,0,0,0,0,0,999
66,HAR02,2012,5/10/2012,50,0,0,0,0,0,999
67,HAR02,2013,5/8/2013,5,0,0,0,0,0,999
68,HAR02,2013,5/8/2013,10,0,0,0,0,0,0
69,HAR02,2013,5/8/2013,15,0,0,0,0,0,0
70,HAR02,2013,5/8/2013,20,0,0,0,0,0,0
71,HAR02,2013,5/8/2013,25,0,0,0,0,0,999
72,HAR02,2013,5/8/2013,30,0,0,0,0,0,999
73,HAR02,2013,5/8/2013,35,0,0,0,0,0,0
74,HAR02,2013,5/8/2013,40,0,0,0,0,0,0
75,HAR02,2013,5/8/2013,45,0,0,0,0,0,0
76,HAR02,2013,5/8/2013,50,0,0,0,0,0,999
77,HAR02,2014,5/8/2014,5,0,0,0,0,0,0
78,HAR02,2014,5/8/2014,10,0,0,0,0,0,0
79,HAR02,2014,5/8/2014,15,0,0,0,0,0,0
80,HAR02,2014,5/8/2014,20,0,0,0,0,0,999
81,HAR02,2014,5/8/2014,25,0,0,0,0,0,999
82,HAR02,2014,5/8/2014,30,0,0,0,0,0,999
83,HAR02,2014,5/8/2014,35,0,0,0,0,0,0
84,HAR02,2014,5/8/2014,40,0,0,0,0,0,999
85,HAR02,2014,5/8/2014,45,0,0,0,0,0,999
86,HAR02,2014,5/8/2014,50,0,0,0,0,0,999
87,HAR02,2015,5/8/2015,5,0,0,0,0,0,0
88,HAR02,2015,5/8/2015,10,0,0,0,0,0,0
89,HAR02,2015,5/8/2015,15,0,0,0,0,0,999
90,HAR02,2015,5/8/2015,20,0,0,0,0,0,0
91,HAR02,2015,5/8/2015,25,0,0,0,0,0,999
92,HAR02,2015,5/8/2015,30,0,0,0,0,0,999
93,HAR02,2015,5/8/2015,35,0,0,0,0,0,999
94,HAR02,2015,5/8/2015,40,0,0,0,0,0,999
95,HAR02,2015,5/8/2015,45,0,0,0,0,0,999
96,HAR02,2015,5/8/2015,50,0,0,0,0,0,999
97,HAR02,2016,5/9/2016,5,0,0,0,0,0,-1
98,HAR02,2016,5/9/2016,10,0,0,0,0,0,1
99,HAR02,2016,5/9/2016,15,0,0,0,0,0,-1
100,HAR02,2016,5/9/2016,20,0,0,0,0,0,0
101,HAR02,2016,5/9/2016,25,0,0,0,0,0,-1
102,HAR02,2016,5/9/2016,30,0,0,0,0,0,0
103,HAR02,2016,5/9/2016,35,0,0,0,0,0,-1
104,HAR02,2016,5/9/2016,40,0,0,0,0,0,0
105,HAR02,2016,5/9/2016,45,0,0,0,0,0,-1
106,HAR02,2016,5/9/2016,50,0,0,0,0,0,25
107,HAR03,2011,5/26/2011,15,0,0,0,0,0,0
108,HAR03,2011,5/26/2011,35,0,0,0,0,0,999
109,HAR03,2011,5/26/2011,50,0,0,0,999,0,0
110,HAR03,2012,5/7/2012,5,0,0,0,0,0,999
111,HAR03,2012,5/7/2012,10,0,0,0,0,0,999
112,HAR03,2012,5/7/2012,15,0,0,0,0,0,0
113,HAR03,2012,5/7/2012,20,0,0,0,0,0,999
114,HAR03,2012,5/7/2012,25,0,0,0,0,0,999
115,HAR03,2012,5/7/2012,30,0,0,0,0,0,0
116,HAR03,2012,5/7/2012,35,0,0,0,0,0,999
117,HAR03,2012,5/7/2012,40,0,0,0,0,0,999
118,HAR03,2012,5/7/2012,45,0,0,0,0,0,0
119,HAR03,2012,5/7/2012,50,0,0,0,0,0,999
120,HAR03,2013,5/10/2013,5,0,0,0,0,0,999
121,HAR03,2013,5/10/2013,10,0,0,0,0,0,999
122,HAR03,2013,5/10/2013,15,0,0,0,0,0,0
123,HAR03,2013,5/10/2013,20,0,0,0,0,0,0
124,HAR03,2013,5/10/2013,25,0,0,0,0,0,999
125,HAR03,2013,5/10/2013,30,0,0,0,0,0,0
126,HAR03,2013,5/10/2013,35,0,0,0,0,0,999
127,HAR03,2013,5/10/2013,40,0,0,0,0,0,999
128,HAR03,2013,5/10/2013,45,0,0,0,0,0,0
129,HAR03,2013,5/10/2013,50,0,0,0,0,0,999
130,HAR03,2014,5/15/2014,5,0,0,0,0,0,999
131,HAR03,2014,5/15/2014,10,0,0,0,0,0,0
132,HAR03,2014,5/15/2014,15,0,0,0,0,0,0
133,HAR03,2014,5/15/2014,20,0,0,0,0,0,0
134,HAR03,2014,5/15/2014,25,0,0,0,0,0,999
135,HAR03,2014,5/15/2014,30,0,0,0,0,0,0
136,HAR03,2014,5/15/2014,35,0,0,0,0,0,999
137,HAR03,2014,5/15/2014,40,0,0,0,0,0,0
138,HAR03,2014,5/15/2014,45,0,0,0,0,0,0
139,HAR03,2014,5/15/2014,50,0,0,0,0,0,0
140,HAR03,2015,5/15/2015,5,0,0,0,0,0,999
141,HAR03,2015,5/15/2015,10,0,0,0,0,0,0
142,HAR03,2015,5/15/2015,15,0,0,0,999,0,0
143,HAR03,2015,5/15/2015,20,0,0,0,0,0,0
144,HAR03,2015,5/15/2015,25,0,0,0,0,0,0
145,HAR03,2015,5/15/2015,30,0,0,0,0,0,0
146,HAR03,2015,5/15/2015,35,0,0,0,0,0,0
147,HAR03,2015,5/15/2015,40,0,0,0,0,0,0
148,HAR03,2015,5/15/2015,45,0,0,0,0,0,0
149,HAR03,2015,5/15/2015,50,0,0,0,0,0,0
150,HAR03,2016,5/11/2016,5,0,0,0,0,0,-1
151,HAR03,2016,5/11/2016,10,0,-1,0,0,0,0
152,HAR03,2016,5/11/2016,15,0,0,0,0,0,0
153,HAR03,2016,5/11/2016,20,0,0,0,0,0,-1
154,HAR03,2016,5/11/2016,25,0,0,0,0,0,-1
155,HAR03,2016,5/11/2016,30,0,0,0,0,0,0
156,HAR03,2016,5/11/2016,35,0,0,0,0,0,-1
157,HAR03,2016,5/11/2016,40,0,0,0,0,0,-1
158,HAR03,2016,5/11/2016,45,0,0,0,2,0,0
159,HAR03,2016,5/11/2016,50,0,0,0,2,0,1
160,HAR04,2011,5/26/2011,25,0,0,0,0,0,0
161,HAR04,2011,5/26/2011,45,0,0,0,0,0,0
162,HAR04,2011,5/26/2011,50,0,0,0,0,0,0
163,HAR04,2012,5/7/2012,5,0,0,0,0,0,999
164,HAR04,2012,5/7/2012,10,0,0,0,0,0,999
165,HAR04,2012,5/7/2012,15,0,0,0,0,0,0
166,HAR04,2012,5/7/2012,20,0,0,0,0,0,0
167,HAR04,2012,5/7/2012,25,0,0,0,0,0,999
168,HAR04,2012,5/7/2012,30,0,0,0,0,0,0
169,HAR04,2012,5/7/2012,35,0,0,0,0,0,0
170,HAR04,2012,5/7/2012,40,0,0,0,0,0,0
171,HAR04,2012,5/7/2012,45,0,0,0,0,0,999
172,HAR04,2012,5/7/2012,50,0,0,0,0,0,0
173,HAR04,2013,5/10/2013,5,0,0,0,0,0,999
174,HAR04,2013,5/10/2013,10,0,0,0,0,0,999
175,HAR04,2013,5/10/2013,15,0,0,0,0,0,0
176,HAR04,2013,5/10/2013,20,0,0,0,0,0,0
177,HAR04,2013,5/10/2013,25,0,0,0,0,0,999
178,HAR04,2013,5/10/2013,30,0,0,0,0,0,999
179,HAR04,2013,5/10/2013,35,0,0,0,0,0,0
180,HAR04,2013,5/10/2013,40,0,0,0,0,0,999
181,HAR04,2013,5/10/2013,45,0,0,0,0,0,0
182,HAR04,2013,5/10/2013,50,0,0,0,0,0,0
183,HAR04,2014,5/15/2014,5,0,0,0,0,0,0
184,HAR04,2014,5/15/2014,10,0,0,0,0,0,999
185,HAR04,2014,5/15/2014,15,0,0,0,0,0,0
186,HAR04,2014,5/15/2014,20,0,0,0,0,0,0
187,HAR04,2014,5/15/2014,25,0,0,0,0,0,999
188,HAR04,2014,5/15/2014,30,0,0,0,0,0,999
189,HAR04,2014,5/15/2014,35,0,0,0,0,0,0
190,HAR04,2014,5/15/2014,40,0,0,0,0,0,999
191,HAR04,2014,5/15/2014,45,0,0,0,0,0,0
192,HAR04,2014,5/15/2014,50,0,0,0,0,999,0
193,HAR04,2015,5/15/2015,5,0,0,0,0,0,0
194,HAR04,2015,5/15/2015,10,0,0,0,0,0,0
195,HAR04,2015,5/15/2015,15,0,0,0,0,0,0
196,HAR04,2015,5/15/2015,20,0,0,0,0,0,0
197,HAR04,2015,5/15/2015,25,0,0,0,0,0,0
198,HAR04,2015,5/15/2015,30,0,0,0,0,0,0
199,HAR04,2015,5/15/2015,35,0,0,0,0,0,0
200,HAR04,2015,5/15/2015,40,0,0,0,0,0,999
201,HAR04,2015,5/15/2015,45,0,0,0,0,0,0
202,HAR04,2015,5/15/2015,50,0,0,0,0,0,0
203,HAR04,2016,5/11/2016,5,0,0,0,0,0,0
204,HAR04,2016,5/11/2016,10,0,0,0,0,0,-1
205,HAR04,2016,5/11/2016,15,0,0,0,0,0,0
206,HAR04,2016,5/11/2016,20,0,0,0,0,0,0
207,HAR04,2016,5/11/2016,25,0,0,0,0,0,-1
208,HAR04,2016,5/11/2016,30,0,0,0,0,0,-1
209,HAR04,2016,5/11/2016,35,0,0,0,0,0,-1
210,HAR04,2016,5/11/2016,40,0,0,0,0,0,-1
211,HAR04,2016,5/11/2016,45,0,0,0,0,0,-1
212,HAR04,2016,5/11/2016,50,0,0,0,0,0,0
213,MED01,2011,5/24/2011,5,0,0,0,0,0,0
214,MED01,2011,5/24/2011,20,0,0,0,0,0,0
215,MED01,2011,5/24/2011,25,0,0,0,0,0,999
216,MED01,2012,5/11/2012,5,0,0,0,0,0,0
217,MED01,2012,5/11/2012,10,0,0,0,0,0,999
218,MED01,2012,5/11/2012,15,0,0,0,0,0,0
219,MED01,2012,5/11/2012,20,0,0,0,0,0,0
220,MED01,2012,5/11/2012,25,0,0,0,0,0,0
221,MED01,2012,5/11/2012,30,0,0,0,0,0,0
222,MED01,2012,5/11/2012,35,0,0,0,0,0,999
223,MED01,2012,5/11/2012,40,0,0,0,0,0,999
224,MED01,2012,5/11/2012,50,0,0,0,0,0,999
225,MED01,2013,5/9/2013,5,0,0,0,0,0,0
226,MED01,2013,5/9/2013,10,0,0,0,0,0,0
227,MED01,2013,5/9/2013,15,0,0,0,0,0,0
228,MED01,2013,5/9/2013,20,0,0,0,0,0,0
229,MED01,2013,5/9/2013,25,0,0,0,0,0,0
230,MED01,2013,5/9/2013,30,0,0,0,0,0,0
231,MED01,2013,5/9/2013,35,0,0,0,0,0,0
232,MED01,2013,5/9/2013,40,0,0,0,0,0,999
233,MED01,2013,5/9/2013,50,0,0,0,0,0,999
234,MED01,2014,5/5/2014,5,0,0,0,0,0,0
235,MED01,2014,5/5/2014,10,0,0,0,0,0,0
236,MED01,2014,5/5/2014,15,0,0,0,0,0,999
237,MED01,2014,5/5/2014,20,0,0,0,0,0,0
238,MED01,2014,5/5/2014,25,0,0,0,0,0,0
239,MED01,2014,5/5/2014,30,0,0,0,0,0,0
240,MED01,2014,5/5/2014,35,0,0,0,0,0,999
241,MED01,2014,5/5/2014,40,0,0,0,0,0,0
242,MED01,2014,5/5/2014,50,0,0,0,0,0,999
243,MED01,2015,5/7/2015,5,0,0,0,0,0,0
244,MED01,2015,5/7/2015,10,0,0,0,0,0,0
245,MED01,2015,5/7/2015,15,0,0,0,0,0,0
246,MED01,2015,5/7/2015,20,0,0,0,0,0,0
247,MED01,2015,5/7/2015,25,0,0,0,0,0,0
248,MED01,2015,5/7/2015,30,0,0,0,0,0,0
249,MED01,2015,5/7/2015,35,0,0,0,0,0,0
250,MED01,2015,5/7/2015,40,0,0,0,0,0,0
251,MED01,2015,5/7/2015,45,0,0,0,0,0,999
252,MED01,2015,5/7/2015,50,0,0,0,0,0,0
253,MED01,2016,5/5/2016,5,0,0,0,0,0,0
254,MED01,2016,5/5/2016,10,0,0,0,0,0,0
255,MED01,2016,5/5/2016,15,0,0,0,0,0,0
256,MED01,2016,5/5/2016,20,0,0,0,0,0,0
257,MED01,2016,5/5/2016,25,0,0,0,0,0,-1
258,MED01,2016,5/5/2016,30,0,0,0,0,0,0
259,MED01,2016,5/5/2016,35,0,0,0,0,0,3
260,MED01,2016,5/5/2016,40,0,0,0,0,0,-1
261,MED01,2016,5/5/2016,45,0,0,0,0,0,3
262,MED01,2016,5/5/2016,50,0,0,0,0,0,3
263,MED02,2011,5/26/2011,10,0,0,0,0,0,0
264,MED02,2011,5/26/2011,15,0,0,0,999,0,0
265,MED02,2011,5/26/2011,25,0,0,0,0,0,0
266,MED02,2012,5/8/2012,5,0,0,0,0,0,0
267,MED02,2012,5/8/2012,10,0,0,0,0,0,0
268,MED02,2012,5/8/2012,15,0,0,0,0,0,999
269,MED02,2012,5/8/2012,20,0,0,0,0,0,0
270,MED02,2012,5/8/2012,25,0,0,0,0,0,0
271,MED02,2012,5/8/2012,30,0,0,0,0,0,0
272,MED02,2012,5/8/2012,35,0,0,0,0,0,999
273,MED02,2012,5/8/2012,40,0,0,0,0,0,0
274,MED02,2012,5/8/2012,45,0,0,0,0,0,0
275,MED02,2012,5/8/2012,50,0,999,0,0,0,0
276,MED02,2013,5/9/2013,5,0,0,0,0,0,0
277,MED02,2013,5/9/2013,10,0,0,0,0,0,0
278,MED02,2013,5/9/2013,15,0,0,0,0,0,0
279,MED02,2013,5/9/2013,20,0,0,0,0,0,0
280,MED02,2013,5/9/2013,25,0,0,0,0,0,0
281,MED02,2013,5/9/2013,30,0,0,0,0,0,0
282,MED02,2013,5/9/2013,35,0,0,0,0,0,999
283,MED02,2013,5/9/2013,40,0,0,0,0,0,0
284,MED02,2013,5/9/2013,45,0,0,0,0,0,999
285,MED02,2013,5/9/2013,50,0,0,0,0,0,999
286,MED02,2014,5/8/2014,5,0,0,0,0,0,0
287,MED02,2014,5/8/2014,10,0,0,0,0,0,0
288,MED02,2014,5/8/2014,15,0,0,0,0,0,999
289,MED02,2014,5/8/2014,20,0,0,0,0,0,999
290,MED02,2014,5/8/2014,25,0,0,0,0,0,0
291,MED02,2014,5/8/2014,30,0,0,0,0,0,0
292,MED02,2014,5/8/2014,35,0,0,0,0,0,999
293,MED02,2014,5/8/2014,40,0,0,0,0,0,0
294,MED02,2014,5/8/2014,45,0,0,0,0,0,0
295,MED02,2014,5/8/2014,50,0,0,0,0,0,0
296,MED02,2015,5/13/2015,5,0,0,0,0,0,0
297,MED02,2015,5/13/2015,10,0,0,0,0,0,0
298,MED02,2015,5/13/2015,15,0,0,0,0,0,0
299,MED02,2015,5/13/2015,20,0,0,0,0,0,0
300,MED02,2015,5/13/2015,25,0,0,0,0,0,0
301,MED02,2015,5/13/2015,30,0,0,0,0,0,0
302,MED02,2015,5/13/2015,35,0,0,0,0,0,0
303,MED02,2015,5/13/2015,40,0,0,0,0,0,0
304,MED02,2015,5/13/2015,45,0,0,0,0,0,999
305,MED02,2015,5/13/2015,50,0,0,0,0,0,0
306,MED02,2016,5/11/2016,5,0,0,0,0,0,0
307,MED02,2016,5/11/2016,10,0,0,0,0,0,0
308,MED02,2016,5/11/2016,15,0,0,0,0,0,-1
309,MED02,2016,5/11/2016,20,0,0,0,0,0,-1
310,MED02,2016,5/11/2016,25,0,0,0,0,0,0
311,MED02,2016,5/11/2016,30,0,0,0,0,0,0
312,MED02,2016,5/11/2016,35,0,0,0,0,0,0
313,MED02,2016,5/11/2016,40,0,0,0,0,0,-1
314,MED02,2016,5/11/2016,45,0,0,0,0,0,-1
315,MED02,2016,5/11/2016,50,0,0,0,0,0,0
316,MED03,2011,6/3/2011,20,0,999,0,0,0,0
317,MED03,2011,6/3/2011,35,0,0,0,0,0,0
318,MED03,2011,6/3/2011,45,0,999,0,0,0,0
319,MED03,2012,5/9/2012,5,0,0,0,0,0,0
320,MED03,2012,5/9/2012,10,0,0,0,0,0,0
321,MED03,2012,5/9/2012,15,0,0,0,0,0,0
322,MED03,2012,5/9/2012,20,0,0,0,0,0,0
323,MED03,2012,5/9/2012,25,0,0,0,0,0,0
324,MED03,2012,5/9/2012,30,0,0,0,0,0,0
325,MED03,2012,5/9/2012,35,0,0,0,0,0,0
326,MED03,2012,5/9/2012,40,0,0,0,0,0,0
327,MED03,2012,5/9/2012,45,0,0,0,0,0,0
328,MED03,2012,5/9/2012,50,0,0,0,0,0,0
329,MED03,2013,5/8/2013,5,0,0,0,0,0,0
330,MED03,2013,5/8/2013,10,0,0,0,0,0,0
331,MED03,2013,5/8/2013,15,0,0,0,0,0,999
332,MED03,2013,5/8/2013,25,0,0,0,0,0,0
333,MED03,2013,5/8/2013,35,0,0,0,0,0,0
334,MED03,2013,5/8/2013,40,0,0,0,0,0,999
335,MED03,2013,5/8/2013,45,0,0,0,0,0,0
336,MED03,2013,5/8/2013,50,0,0,0,0,0,0
337,MED03,2014,5/13/2014,5,0,0,0,0,0,999
338,MED03,2014,5/13/2014,10,0,0,0,0,0,0
339,MED03,2014,5/13/2014,15,0,0,0,0,0,999
340,MED03,2014,5/13/2014,20,0,999,0,0,0,0
341,MED03,2014,5/13/2014,25,0,0,0,0,0,0
342,MED03,2014,5/13/2014,30,0,0,0,0,0,0
343,MED03,2014,5/13/2014,35,0,0,0,0,0,0
344,MED03,2014,5/13/2014,40,0,999,0,0,0,999
345,MED03,2014,5/13/2014,45,0,0,0,0,0,999
346,MED03,2014,5/13/2014,50,0,0,0,0,0,999
347,MED03,2015,5/12/2015,5,0,0,0,0,0,999
348,MED03,2015,5/12/2015,10,0,0,0,0,0,0
349,MED03,2015,5/12/2015,15,0,999,0,0,0,0
350,MED03,2015,5/12/2015,20,0,0,0,0,0,0
351,MED03,2015,5/12/2015,25,0,0,0,0,0,0
352,MED03,2015,5/12/2015,30,0,0,0,0,0,0
353,MED03,2015,5/12/2015,35,0,0,0,0,0,0
354,MED03,2015,5/12/2015,40,0,0,0,0,0,0
355,MED03,2015,5/12/2015,45,0,0,0,0,0,0
356,MED03,2015,5/12/2015,50,0,0,0,0,0,0
357,MED03,2016,5/16/2016,5,0,0,0,0,0,-1
358,MED03,2016,5/16/2016,10,0,0,0,0,0,0
359,MED03,2016,5/16/2016,15,0,0,0,0,0,-1
360,MED03,2016,5/16/2016,20,0,0,0,0,0,0
361,MED03,2016,5/16/2016,25,0,0,0,0,0,0
362,MED03,2016,5/16/2016,30,0,0,0,0,0,0
363,MED03,2016,5/16/2016,35,0,0,0,0,0,0
364,MED03,2016,5/16/2016,40,0,0,0,0,0,-1
365,MED03,2016,5/16/2016,45,0,0,0,0,0,-1
366,MED03,2016,5/16/2016,50,0,0,0,0,0,0
367,MIX01,2011,5/26/2011,25,0,0,0,0,0,999
368,MIX01,2011,5/26/2011,30,0,0,0,0,0,999
369,MIX01,2011,5/26/2011,40,0,0,0,0,0,999
370,MIX01,2012,5/11/2012,5,0,0,0,0,0,999
371,MIX01,2012,5/11/2012,10,0,0,0,0,0,999
372,MIX01,2012,5/11/2012,15,0,0,0,0,0,999
373,MIX01,2012,5/11/2012,20,0,0,0,0,0,999
374,MIX01,2012,5/11/2012,25,0,0,0,0,0,999
375,MIX01,2012,5/11/2012,30,0,0,0,0,0,0
376,MIX01,2012,5/11/2012,35,0,0,0,0,0,0
377,MIX01,2012,5/11/2012,40,0,0,0,0,0,999
378,MIX01,2012,5/11/2012,45,0,0,0,0,0,999
379,MIX01,2012,5/11/2012,50,0,0,0,0,0,999
380,MIX01,2013,5/13/2013,5,0,0,0,0,0,999
381,MIX01,2013,5/13/2013,10,0,0,0,0,0,999
382,MIX01,2013,5/13/2013,15,0,0,0,0,0,999
383,MIX01,2013,5/13/2013,20,0,0,0,0,0,999
384,MIX01,2013,5/13/2013,25,0,0,0,0,0,999
385,MIX01,2013,5/13/2013,30,0,0,0,0,0,999
386,MIX01,2013,5/13/2013,35,0,0,0,999,0,999
387,MIX01,2013,5/13/2013,40,0,0,0,0,0,999
388,MIX01,2013,5/13/2013,45,0,0,0,0,0,999
389,MIX01,2013,5/13/2013,50,0,0,0,0,0,999
390,MIX01,2014,5/12/2014,5,0,0,0,0,0,999
391,MIX01,2014,5/12/2014,10,0,0,0,0,0,999
392,MIX01,2014,5/12/2014,15,0,0,0,0,0,999
393,MIX01,2014,5/12/2014,20,0,0,0,0,0,999
394,MIX01,2014,5/12/2014,25,0,0,0,0,0,999
395,MIX01,2014,5/12/2014,30,0,0,0,0,0,999
396,MIX01,2014,5/12/2014,35,0,0,0,0,0,999
397,MIX01,2014,5/12/2014,40,0,0,0,0,0,999
398,MIX01,2014,5/12/2014,45,0,0,0,0,0,999
399,MIX01,2014,5/12/2014,50,0,0,0,0,0,999
400,MIX01,2015,5/12/2015,5,0,0,0,0,0,999
401,MIX01,2015,5/12/2015,10,0,0,0,999,0,0
402,MIX01,2015,5/12/2015,15,0,0,0,0,0,0
403,MIX01,2015,5/12/2015,20,0,0,0,0,0,0
404,MIX01,2015,5/12/2015,25,0,0,0,999,0,0
405,MIX01,2015,5/12/2015,30,0,0,0,0,0,0
406,MIX01,2015,5/12/2015,35,0,0,0,0,0,0
407,MIX01,2015,5/12/2015,40,0,0,0,0,0,999
408,MIX01,2015,5/12/2015,45,0,0,0,0,0,999
409,MIX01,2015,5/12/2015,50,0,0,0,0,0,999
410,MIX01,2016,5/9/2016,5,0,0,0,0,0,5
411,MIX01,2016,5/9/2016,10,0,0,0,0,0,0
412,MIX01,2016,5/9/2016,15,0,0,0,0,0,-1
413,MIX01,2016,5/9/2016,20,0,0,0,0,0,-1
414,MIX01,2016,5/9/2016,25,0,0,0,0,0,-1
415,MIX01,2016,5/9/2016,30,0,0,0,3,0,-1
416,MIX01,2016,5/9/2016,35,0,0,0,0,0,0
417,MIX01,2016,5/9/2016,40,0,0,0,0,0,1
418,MIX01,2016,5/9/2016,45,0,0,0,0,0,1
419,MIX01,2016,5/9/2016,50,0,0,0,0,0,-1
420,MIX02,2011,5/26/2011,5,0,0,0,0,0,0
421,MIX02,2011,5/26/2011,15,0,0,0,999,0,0
422,MIX02,2011,5/26/2011,25,0,0,0,0,0,0
423,MIX02,2012,5/7/2012,5,0,0,0,0,0,0
424,MIX02,2012,5/7/2012,10,0,0,0,0,0,0
425,MIX02,2012,5/7/2012,15,0,0,0,999,0,0
426,MIX02,2012,5/7/2012,20,0,0,0,999,0,0
427,MIX02,2012,5/7/2012,25,0,0,0,0,0,0
428,MIX02,2012,5/7/2012,30,0,0,0,0,0,0
429,MIX02,2012,5/7/2012,35,0,0,0,999,0,0
430,MIX02,2012,5/7/2012,40,0,0,0,0,0,0
431,MIX02,2012,5/7/2012,45,0,0,0,999,0,0
432,MIX02,2012,5/7/2012,50,0,0,0,999,0,0
433,MIX02,2013,5/8/2013,5,0,0,0,0,0,999
434,MIX02,2013,5/8/2013,10,0,0,0,0,0,999
435,MIX02,2013,5/8/2013,15,0,0,0,999,0,0
436,MIX02,2013,5/8/2013,20,0,0,0,999,0,0
437,MIX02,2013,5/8/2013,25,0,0,0,0,0,0
438,MIX02,2013,5/8/2013,30,0,0,0,0,0,0
439,MIX02,2013,5/8/2013,35,0,0,0,999,0,0
440,MIX02,2013,5/8/2013,40,0,0,0,999,0,0
441,MIX02,2013,5/8/2013,45,0,0,0,999,0,0
442,MIX02,2013,5/8/2013,50,0,0,0,999,0,0
443,MIX02,2014,5/13/2014,5,0,0,0,0,0,999
444,MIX02,2014,5/13/2014,10,0,0,0,0,0,0
445,MIX02,2014,5/13/2014,15,0,0,0,0,0,0
446,MIX02,2014,5/13/2014,20,0,0,0,999,0,0
447,MIX02,2014,5/13/2014,25,0,0,0,0,0,0
448,MIX02,2014,5/13/2014,30,0,0,0,0,0,0
449,MIX02,2014,5/13/2014,35,0,0,0,999,0,0
450,MIX02,2014,5/13/2014,40,0,0,0,0,0,0
451,MIX02,2014,5/13/2014,45,0,0,0,999,0,0
452,MIX02,2014,5/13/2014,50,0,0,0,999,0,0
453,MIX02,2015,5/13/2015,5,0,0,0,0,0,999
454,MIX02,2015,5/13/2015,10,0,0,0,0,0,0
455,MIX02,2015,5/13/2015,15,0,0,0,0,0,0
456,MIX02,2015,5/13/2015,20,0,0,0,999,0,0
457,MIX02,2015,5/13/2015,25,0,0,0,0,0,0
458,MIX02,2015,5/13/2015,30,0,0,0,0,0,0
459,MIX02,2015,5/13/2015,35,0,0,0,999,0,0
460,MIX02,2015,5/13/2015,40,0,0,0,999,0,0
461,MIX02,2015,5/13/2015,45,0,0,0,0,0,0
462,MIX02,2015,5/13/2015,50,0,0,0,999,0,0
463,MIX02,2016,5/9/2016,5,0,0,0,0,0,0
464,MIX02,2016,5/11/2016,10,0,0,0,0,0,0
465,MIX02,2016,5/11/2016,15,0,0,0,0,0,0
466,MIX02,2016,5/11/2016,20,0,0,0,-1,0,0
467,MIX02,2016,5/11/2016,25,0,0,0,0,0,0
468,MIX02,2016,5/11/2016,30,0,0,0,0,0,0
469,MIX02,2016,5/11/2016,35,0,0,0,0,0,0
470,MIX02,2016,5/11/2016,40,0,0,0,0,0,0
471,MIX02,2016,5/11/2016,45,0,0,0,0,0,0
472,MIX02,2016,5/11/2016,50,0,0,0,12,0,0
473,MIX03,2011,5/26/2011,10,0,0,0,0,0,999
474,MIX03,2011,5/26/2011,30,0,0,0,0,0,0
475,MIX03,2011,5/26/2011,40,0,0,0,0,0,0
476,MIX03,2012,5/10/2012,5,0,0,0,0,0,999
477,MIX03,2012,5/10/2012,10,0,0,0,0,0,999
478,MIX03,2012,5/10/2012,15,0,0,0,0,0,999
479,MIX03,2012,5/10/2012,20,0,0,0,0,0,999
480,MIX03,2012,5/10/2012,25,0,0,0,0,0,0
481,MIX03,2012,5/10/2012,30,0,0,0,0,0,0
482,MIX03,2012,5/10/2012,35,0,0,0,0,0,0
483,MIX03,2012,5/10/2012,40,0,0,0,0,0,999
484,MIX03,2012,5/10/2012,45,0,0,0,0,0,0
485,MIX03,2013,5/6/2013,5,0,0,0,0,0,999
486,MIX03,2013,5/6/2013,10,0,0,0,0,0,999
487,MIX03,2013,5/6/2013,15,0,0,0,0,0,0
488,MIX03,2013,5/6/2013,20,0,0,0,0,0,999
489,MIX03,2013,5/6/2013,25,0,0,0,999,0,999
490,MIX03,2013,5/6/2013,30,0,0,0,0,0,0
491,MIX03,2013,5/6/2013,35,0,0,0,0,0,999
492,MIX03,2013,5/6/2013,40,0,0,0,0,0,999
493,MIX03,2013,5/6/2013,45,0,0,0,0,0,0
494,MIX03,2013,5/6/2013,50,0,0,0,0,0,999
495,MIX03,2013,5/10/2012,50,0,0,0,0,0,0
496,MIX03,2014,5/8/2014,5,0,0,0,0,0,999
497,MIX03,2014,5/8/2014,10,0,0,0,0,0,999
498,MIX03,2014,5/8/2014,15,0,0,0,0,0,999
499,MIX03,2014,5/8/2014,20,0,0,0,0,0,999
500,MIX03,2014,5/8/2014,25,0,0,0,999,0,0
501,MIX03,2014,5/8/2014,30,0,0,0,0,0,0
502,MIX03,2014,5/8/2014,35,0,0,0,0,0,999
503,MIX03,2014,5/8/2014,40,0,0,0,0,0,999
504,MIX03,2014,5/8/2014,45,0,0,0,0,0,999
505,MIX03,2014,5/8/2014,50,0,0,0,0,0,0
506,MIX03,2015,5/8/2015,5,0,0,0,0,0,999
507,MIX03,2015,5/8/2015,10,0,0,0,0,0,999
508,MIX03,2015,5/8/2015,15,0,0,0,0,0,999
509,MIX03,2015,5/8/2015,20,0,0,0,0,0,0
510,MIX03,2015,5/8/2015,25,0,0,0,0,0,0
511,MIX03,2015,5/8/2015,30,0,0,0,0,0,0
512,MIX03,2015,5/8/2015,35,0,0,0,0,0,999
513,MIX03,2015,5/8/2015,40,0,0,0,0,0,0
514,MIX03,2015,5/8/2015,45,0,0,0,0,0,0
515,MIX03,2015,5/8/2015,50,0,0,0,0,0,0
516,MIX03,2016,5/10/2016,5,0,0,0,0,0,-1
517,MIX03,2016,5/10/2016,10,0,0,0,0,0,0
518,MIX03,2016,5/10/2016,15,0,0,0,0,0,-1
519,MIX03,2016,5/10/2016,20,0,0,0,0,0,-1
520,MIX03,2016,5/10/2016,25,0,0,0,0,0,-1
521,MIX03,2016,5/10/2016,30,0,0,0,0,0,0
522,MIX03,2016,5/10/2016,35,0,0,0,0,0,-1
523,MIX03,2016,5/10/2016,40,0,0,0,0,0,-1
524,MIX03,2016,5/10/2016,45,0,0,0,0,0,-1
525,MIX03,2016,5/10/2016,50,0,0,0,0,0,0
526,MIX04,2011,5/23/2011,5,0,0,0,999,0,0
527,MIX04,2011,5/23/2011,25,0,0,0,999,0,0
528,MIX04,2011,5/23/2011,40,0,999,0,999,0,0
529,MIX04,2012,5/2/2012,5,0,0,0,999,0,999
530,MIX04,2012,5/2/2012,10,0,0,0,999,0,999
531,MIX04,2012,5/2/2012,15,0,0,0,999,0,999
532,MIX04,2012,5/2/2012,20,0,0,0,999,0,999
533,MIX04,2012,5/2/2012,25,0,0,0,999,0,999
534,MIX04,2012,5/2/2012,30,0,0,0,999,0,999
535,MIX04,2012,5/2/2012,35,0,0,0,0,0,999
536,MIX04,2012,5/2/2012,40,0,0,0,999,0,999
537,MIX04,2012,5/2/2012,45,0,0,0,999,0,999
538,MIX04,2012,5/2/2012,50,0,0,0,999,0,0
539,MIX04,2013,5/10/2013,5,0,0,0,999,0,999
540,MIX04,2013,5/10/2013,10,0,0,0,999,0,999
541,MIX04,2013,5/10/2013,15,0,0,0,999,0,0
542,MIX04,2013,5/10/2013,20,0,0,0,0,0,999
543,MIX04,2013,5/10/2013,25,0,0,0,999,0,999
544,MIX04,2013,5/10/2013,30,0,0,0,999,0,999
545,MIX04,2013,5/10/2013,35,0,0,0,0,0,0
546,MIX04,2013,5/10/2013,40,0,0,0,999,0,999
547,MIX04,2013,5/10/2013,45,0,0,0,999,0,0
548,MIX04,2013,5/10/2013,50,0,0,0,999,0,999
549,MIX04,2014,5/14/2014,5,0,0,0,999,0,999
550,MIX04,2014,5/14/2014,10,0,0,0,999,0,999
551,MIX04,2014,5/14/2014,15,0,0,0,999,0,999
552,MIX04,2014,5/14/2014,20,0,0,0,999,0,0
553,MIX04,2014,5/14/2014,25,0,0,0,999,0,999
554,MIX04,2014,5/14/2014,30,0,0,0,999,0,0
555,MIX04,2014,5/14/2014,35,0,999,0,0,0,0
556,MIX04,2014,5/14/2014,40,0,0,0,999,0,0
557,MIX04,2014,5/14/2014,45,0,999,0,999,0,0
558,MIX04,2014,5/14/2014,50,0,0,0,999,0,999
559,MIX04,2015,5/5/2015,5,0,0,0,999,0,999
560,MIX04,2015,5/5/2015,10,0,0,0,999,0,999
561,MIX04,2015,5/5/2015,15,0,0,0,999,0,999
562,MIX04,2015,5/5/2015,20,0,0,0,999,0,0
563,MIX04,2015,5/5/2015,25,0,0,0,0,0,999
564,MIX04,2015,5/5/2015,30,0,0,0,999,0,0
565,MIX04,2015,5/5/2015,35,0,0,0,0,0,0
566,MIX04,2015,5/5/2015,40,0,0,0,999,0,0
567,MIX04,2015,5/5/2015,45,0,0,0,999,0,0
568,MIX04,2015,5/5/2015,50,0,0,0,999,0,999
569,MIX04,2016,5/10/2016,5,0,0,0,18,0,1
570,MIX04,2016,5/10/2016,10,0,0,0,10,0,2
571,MIX04,2016,5/10/2016,15,0,-1,0,20,0,-1
572,MIX04,2016,5/10/2016,20,0,0,0,5,0,1
573,MIX04,2016,5/10/2016,25,0,0,0,0,0,3
574,MIX04,2016,5/10/2016,30,0,-1,0,25,0,-1
575,MIX04,2016,5/10/2016,35,0,2,0,0,0,0
576,MIX04,2016,5/10/2016,40,0,0,0,-1,0,-1
577,MIX04,2016,5/10/2016,45,0,0,0,3,0,0
578,MIX04,2016,5/10/2016,50,0,0,0,7,0,-1
579,MIX05,2011,6/2/2011,15,0,999,0,0,0,999
580,MIX05,2011,6/2/2011,30,0,0,0,0,0,999
581,MIX05,2011,6/2/2011,35,0,0,0,0,0,0
582,MIX05,2012,5/9/2012,5,0,0,0,0,0,0
583,MIX05,2012,5/9/2012,10,0,0,0,0,0,0
584,MIX05,2012,5/9/2012,15,0,0,0,0,0,0
585,MIX05,2012,5/9/2012,20,0,0,0,0,0,999
586,MIX05,2012,5/9/2012,25,0,0,0,0,0,999
587,MIX05,2012,5/9/2012,30,0,0,0,0,0,999
588,MIX05,2012,5/9/2012,35,0,0,0,0,0,0
589,MIX05,2012,5/9/2012,40,0,0,0,0,0,0
590,MIX05,2012,5/9/2012,45,0,0,0,0,0,999
591,MIX05,2012,5/9/2012,50,0,0,0,999,0,999
592,MIX05,2013,5/7/2013,5,0,0,0,0,0,999
593,MIX05,2013,5/7/2013,10,0,0,0,0,0,999
594,MIX05,2013,5/7/2013,15,0,999,0,0,0,999
595,MIX05,2013,5/7/2013,20,0,0,0,0,0,999
596,MIX05,2013,5/7/2013,25,0,0,0,0,0,999
597,MIX05,2013,5/7/2013,30,0,0,0,999,0,999
598,MIX05,2013,5/7/2013,35,0,0,0,0,0,0
599,MIX05,2013,5/7/2013,40,0,0,0,999,0,0
600,MIX05,2013,5/7/2013,45,0,0,0,0,0,0
601,MIX05,2013,5/7/2013,50,0,0,0,999,0,0
602,MIX05,2014,5/14/2014,5,0,0,0,0,0,999
603,MIX05,2014,5/14/2014,10,0,0,0,0,0,999
604,MIX05,2014,5/14/2014,15,0,0,0,0,0,0
605,MIX05,2014,5/14/2014,20,0,0,0,0,0,999
606,MIX05,2014,5/14/2014,25,0,0,0,0,0,999
607,MIX05,2014,5/14/2014,30,0,0,0,999,0,999
608,MIX05,2014,5/14/2014,35,0,0,0,0,0,0
609,MIX05,2014,5/14/2014,40,0,0,0,999,0,999
610,MIX05,2014,5/14/2014,45,0,0,0,0,0,999
611,MIX05,2014,5/14/2014,50,0,0,0,999,0,999
612,MIX05,2015,5/11/2015,5,0,0,0,0,0,999
613,MIX05,2015,5/11/2015,10,0,0,0,0,0,999
614,MIX05,2015,5/11/2015,15,0,0,0,0,0,999
615,MIX05,2015,5/11/2015,20,0,0,0,0,0,999
616,MIX05,2015,5/11/2015,25,0,0,0,0,0,999
617,MIX05,2015,5/11/2015,30,0,0,0,999,0,999
618,MIX05,2015,5/11/2015,35,0,0,0,0,0,0
619,MIX05,2015,5/11/2015,40,0,0,0,999,0,999
620,MIX05,2015,5/11/2015,45,0,0,0,0,0,999
621,MIX05,2015,5/11/2015,50,0,0,0,999,0,999
622,MIX05,2016,5/12/2016,5,0,0,0,0,0,-1
623,MIX05,2016,5/12/2016,10,0,0,0,0,0,-1
624,MIX05,2016,5/12/2016,15,0,0,0,0,0,1
625,MIX05,2016,5/12/2016,20,0,1,0,0,0,-1
626,MIX05,2016,5/12/2016,25,0,0,0,0,0,-1
627,MIX05,2016,5/12/2016,30,0,0,0,5,0,0
628,MIX05,2016,5/12/2016,35,0,0,0,0,0,0
629,MIX05,2016,5/12/2016,40,0,0,0,9,0,-1
630,MIX05,2016,5/12/2016,45,0,0,0,0,0,-1
631,MIX05,2016,5/12/2016,50,0,0,0,3,0,0
632,MIX06,2011,6/2/2011,15,0,999,0,0,0,999
633,MIX06,2011,6/2/2011,20,0,999,0,0,0,999
634,MIX06,2011,6/2/2011,45,0,999,0,0,0,0
635,MIX06,2012,5/10/2012,5,0,999,0,0,0,999
636,MIX06,2012,5/10/2012,10,0,999,0,0,0,999
637,MIX06,2012,5/10/2012,15,0,999,0,0,0,999
638,MIX06,2012,5/10/2012,20,0,999,0,0,0,999
639,MIX06,2012,5/10/2012,25,0,999,0,0,0,999
640,MIX06,2012,5/10/2012,30,0,999,0,0,0,999
641,MIX06,2012,5/10/2012,35,0,999,0,0,0,999
642,MIX06,2012,5/10/2012,40,0,999,0,0,0,999
643,MIX06,2012,5/10/2012,45,0,999,0,0,0,0
644,MIX06,2012,5/10/2012,50,0,999,0,0,0,0
645,MIX06,2013,5/8/2013,5,0,999,0,0,0,999
646,MIX06,2013,5/8/2013,10,0,999,0,0,0,0
647,MIX06,2013,5/8/2013,15,0,999,0,0,0,999
648,MIX06,2013,5/8/2013,20,0,999,0,0,0,999
649,MIX06,2013,5/8/2013,25,0,999,0,0,0,999
650,MIX06,2013,5/8/2013,30,0,999,0,0,0,999
651,MIX06,2013,5/8/2013,35,0,999,0,0,0,0
652,MIX06,2013,5/8/2013,40,0,999,0,0,0,0
653,MIX06,2013,5/8/2013,45,0,999,0,0,0,0
654,MIX06,2013,5/8/2013,50,0,999,0,0,0,0
655,MIX06,2014,5/10/2014,5,0,999,0,0,0,999
656,MIX06,2014,5/10/2014,10,0,999,0,0,0,999
657,MIX06,2014,5/10/2014,15,0,999,0,0,0,999
658,MIX06,2014,5/10/2014,20,0,999,0,0,0,999
659,MIX06,2014,5/10/2014,25,0,999,0,0,0,999
660,MIX06,2014,5/10/2014,30,0,999,0,0,0,0
661,MIX06,2014,5/10/2014,35,0,999,0,0,0,999
662,MIX06,2014,5/10/2014,40,0,999,0,0,0,0
663,MIX06,2014,5/10/2014,45,0,999,0,0,0,999
664,MIX06,2014,5/10/2014,50,0,999,0,0,0,0
665,MIX06,2015,5/11/2015,5,0,999,0,0,0,999
666,MIX06,2015,5/11/2015,10,0,999,0,0,0,0
667,MIX06,2015,5/11/2015,15,0,999,0,0,0,999
668,MIX06,2015,5/11/2015,20,0,999,0,0,0,0
669,MIX06,2015,5/11/2015,25,0,999,0,0,0,999
670,MIX06,2015,5/11/2015,30,0,999,0,0,0,0
671,MIX06,2015,5/11/2015,35,0,999,0,0,0,0
672,MIX06,2015,5/11/2015,40,0,999,0,0,0,0
673,MIX06,2015,5/11/2015,45,0,999,0,0,0,0
674,MIX06,2015,5/11/2015,50,0,999,0,0,0,0
675,MIX06,2016,5/12/2016,5,0,5,0,0,0,0
676,MIX06,2016,5/12/2016,10,0,3,0,0,0,-1
677,MIX06,2016,5/12/2016,15,0,7,0,0,0,2
678,MIX06,2016,5/12/2016,20,0,4,0,0,0,0
679,MIX06,2016,5/12/2016,25,0,2,0,0,0,0
680,MIX06,2016,6/12/2016,30,0,3,0,0,0,0
681,MIX06,2016,5/12/2016,35,0,2,0,0,0,1
682,MIX06,2016,5/12/2016,40,0,2,0,0,0,0
683,MIX06,2016,5/12/2016,45,0,9,0,0,0,0
684,MIX06,2016,5/12/2016,50,0,1,0,0,0,0
685,MIX07,2011,6/2/2011,5,0,999,0,0,0,999
686,MIX07,2011,6/2/2011,15,0,0,0,0,0,999
687,MIX07,2011,6/2/2011,50,0,999,0,0,0,0
688,MIX07,2012,5/9/2012,5,0,999,0,0,0,999
689,MIX07,2012,5/9/2012,10,0,0,0,0,0,999
690,MIX07,2012,5/9/2012,15,0,0,0,0,0,999
691,MIX07,2012,5/9/2012,20,0,999,0,0,0,999
692,MIX07,2012,5/9/2012,25,0,999,0,0,0,0
693,MIX07,2012,5/9/2012,30,0,999,0,0,0,0
694,MIX07,2012,5/9/2012,35,0,999,0,0,0,0
695,MIX07,2012,5/9/2012,40,0,999,0,0,0,999
696,MIX07,2012,5/9/2012,45,0,999,0,0,0,0
697,MIX07,2012,5/9/2012,50,0,999,0,0,0,0
698,MIX07,2013,5/6/2013,5,0,999,0,0,0,999
699,MIX07,2013,5/6/2013,10,0,0,0,0,0,999
700,MIX07,2013,5/6/2013,15,0,999,0,0,0,0
701,MIX07,2013,5/6/2013,20,0,999,0,0,0,0
702,MIX07,2013,5/6/2013,25,0,999,0,0,0,0
703,MIX07,2013,5/6/2013,30,0,999,0,0,0,0
704,MIX07,2013,5/6/2013,35,0,999,0,0,0,0
705,MIX07,2013,5/6/2013,40,0,999,0,0,0,0
706,MIX07,2013,5/6/2013,45,0,999,0,0,0,0
707,MIX07,2013,5/6/2013,50,0,999,0,0,0,0
708,MIX07,2014,5/12/2014,5,0,0,0,0,0,999
709,MIX07,2014,5/12/2014,10,0,0,0,0,0,999
710,MIX07,2014,5/12/2014,15,0,0,0,0,0,999
711,MIX07,2014,5/12/2014,20,0,0,0,0,0,0
712,MIX07,2014,5/12/2014,25,0,999,0,0,0,999
713,MIX07,2014,5/12/2014,30,0,999,0,0,0,0
714,MIX07,2014,5/12/2014,35,0,999,0,0,0,0
715,MIX07,2014,5/12/2014,40,0,999,0,0,0,0
716,MIX07,2014,5/12/2014,45,0,999,0,0,0,0
717,MIX07,2014,5/12/2014,50,0,999,0,0,0,0
718,MIX07,2015,5/11/2015,5,0,0,0,0,0,999
719,MIX07,2015,5/11/2015,10,0,0,0,0,0,999
720,MIX07,2015,5/11/2015,15,0,999,0,0,0,999
721,MIX07,2015,5/11/2015,20,0,999,0,0,0,0
722,MIX07,2015,5/11/2015,25,0,999,0,0,0,999
723,MIX07,2015,5/11/2015,30,0,999,0,0,0,0
724,MIX07,2015,5/11/2015,35,0,999,0,0,0,0
725,MIX07,2015,5/11/2015,40,0,999,0,0,0,0
726,MIX07,2015,5/11/2015,45,0,999,0,0,0,0
727,MIX07,2015,5/11/2015,50,0,999,0,0,0,0
728,MIX07,2016,5/12/2016,5,0,-1,0,0,0,4
729,MIX07,2016,5/12/2016,10,0,0,0,0,0,6
730,MIX07,2016,5/12/2016,15,0,1,0,0,0,0
731,MIX07,2016,5/12/2016,20,0,2,0,0,0,0
732,MIX07,2016,5/12/2016,25,0,4,0,0,0,0
733,MIX07,2016,5/12/2016,30,0,5,0,0,0,0
734,MIX07,2016,5/12/2016,35,0,4,0,0,0,0
735,MIX07,2016,5/12/2016,40,0,4,0,0,0,0
736,MIX07,2016,5/12/2016,45,0,4,0,0,0,0
737,MIX07,2016,5/12/2016,50,0,2,0,0,0,0
738,MIX08,2011,6/3/2011,15,0,0,0,0,0,0
739,MIX08,2011,6/3/2011,20,0,0,0,0,0,0
740,MIX08,2011,6/3/2011,40,0,0,0,0,0,0
741,MIX08,2012,5/9/2012,5,0,0,0,0,0,0
742,MIX08,2012,5/9/2012,10,0,0,0,0,0,0
743,MIX08,2012,5/9/2012,15,0,0,0,0,0,0
744,MIX08,2012,5/9/2012,20,0,0,0,0,0,0
745,MIX08,2012,5/9/2012,25,0,0,0,0,0,0
746,MIX08,2012,5/9/2012,30,0,0,0,0,0,0
747,MIX08,2012,5/9/2012,35,0,0,0,0,0,0
748,MIX08,2012,5/9/2012,40,0,0,0,0,0,0
749,MIX08,2012,5/9/2012,45,0,999,0,0,0,0
750,MIX08,2012,5/9/2012,50,0,0,0,0,0,0
751,MIX08,2013,5/6/2013,5,0,0,0,0,0,0
752,MIX08,2013,5/6/2013,10,0,0,0,0,0,0
753,MIX08,2013,5/6/2013,15,0,0,0,0,0,0
754,MIX08,2013,5/6/2013,20,0,0,0,0,0,0
755,MIX08,2013,5/6/2013,25,0,0,0,0,0,0
756,MIX08,2013,5/6/2013,30,0,0,0,0,0,0
757,MIX08,2013,5/6/2013,35,0,0,0,0,0,0
758,MIX08,2013,5/6/2013,40,0,0,0,0,0,0
759,MIX08,2013,5/6/2013,45,0,999,0,0,0,0
760,MIX08,2013,5/6/2013,50,0,999,0,0,0,0
761,MIX08,2014,5/12/2014,5,0,0,0,0,0,0
762,MIX08,2014,5/12/2014,10,0,0,0,0,0,0
763,MIX08,2014,5/12/2014,15,0,0,0,0,0,0
764,MIX08,2014,5/12/2014,20,0,0,0,0,0,0
765,MIX08,2014,5/12/2014,25,0,0,0,0,0,0
766,MIX08,2014,5/12/2014,30,0,0,0,0,0,0
767,MIX08,2014,5/12/2014,35,0,0,0,0,0,0
768,MIX08,2014,5/12/2014,40,0,0,0,0,0,0
769,MIX08,2014,5/12/2014,45,0,999,0,0,0,0
770,MIX08,2014,5/12/2014,50,0,999,0,0,0,0
771,MIX08,2015,5/8/2015,5,0,0,0,0,0,0
772,MIX08,2015,5/8/2015,10,0,0,0,0,0,0
773,MIX08,2015,5/8/2015,15,0,0,0,0,0,0
774,MIX08,2015,5/5/2015,20,0,0,0,0,0,0
775,MIX08,2015,5/8/2015,25,0,0,0,0,0,0
776,MIX08,2015,5/8/2015,30,0,0,0,0,0,0
777,MIX08,2015,5/8/2015,35,0,0,0,0,0,0
778,MIX08,2015,5/8/2015,40,0,0,0,0,0,0
779,MIX08,2015,5/8/2015,45,0,999,0,0,0,0
780,MIX08,2015,5/8/2015,50,0,999,0,0,0,0
781,MIX08,2016,5/12/2016,5,0,0,0,0,0,0
782,MIX08,2016,5/12/2016,10,0,0,0,0,0,0
783,MIX08,2016,5/12/2016,15,0,0,0,0,0,0
784,MIX08,2016,5/12/2016,20,0,0,0,0,0,0
785,MIX08,2016,5/12/2016,25,0,0,0,0,0,0
786,MIX08,2016,5/12/2016,30,0,0,0,0,0,0
787,MIX08,2016,5/12/2016,35,0,0,0,0,0,0
788,MIX08,2016,5/12/2016,40,0,0,0,0,0,0
789,MIX08,2016,5/12/2016,45,0,-1,0,0,0,0
790,MIX08,2016,5/12/2016,50,0,-1,0,0,0,0
791,MIX09,2011,5/23/2011,10,0,0,0,0,0,0
792,MIX09,2011,5/23/2011,20,0,0,0,0,0,0
793,MIX09,2011,5/23/2011,40,0,0,0,0,0,0
794,MIX09,2012,5/2/2012,5,0,0,0,999,0,0
795,MIX09,2012,5/2/2012,10,0,0,0,0,0,0
796,MIX09,2012,5/2/2012,15,0,0,0,0,0,999
797,MIX09,2012,5/2/2012,20,0,0,0,0,0,0
798,MIX09,2012,5/2/2012,25,0,999,0,0,0,999
799,MIX09,2012,5/2/2012,30,0,0,0,0,0,0
800,MIX09,2012,5/2/2012,35,0,0,0,0,0,0
801,MIX09,2012,5/2/2012,40,0,0,0,0,0,0
802,MIX09,2012,5/2/2012,45,0,0,0,0,0,0
803,MIX09,2012,5/2/2012,50,0,0,0,0,0,999
804,MIX09,2013,5/2/2013,5,0,0,0,999,0,0
805,MIX09,2013,5/2/2013,10,0,0,0,0,0,999
806,MIX09,2013,5/2/2013,15,0,0,0,0,0,999
807,MIX09,2013,5/2/2013,20,0,0,0,0,0,999
808,MIX09,2013,5/2/2013,25,0,999,0,0,0,999
809,MIX09,2013,5/2/2013,30,0,0,0,0,0,0
810,MIX09,2013,5/2/2013,35,0,0,0,0,0,0
811,MIX09,2013,5/2/2013,40,0,0,0,0,0,0
812,MIX09,2013,5/2/2013,45,0,0,0,0,0,0
813,MIX09,2013,5/2/2013,50,0,0,0,0,0,0
814,MIX09,2014,5/6/2014,5,0,0,0,999,0,0
815,MIX09,2014,5/6/2014,10,0,0,0,0,0,999
816,MIX09,2014,5/6/2014,15,0,0,0,0,0,999
817,MIX09,2014,5/6/2014,20,0,0,0,0,0,0
818,MIX09,2014,5/6/2014,25,0,999,0,0,0,999
819,MIX09,2014,5/6/2014,30,0,0,0,0,0,0
820,MIX09,2014,5/6/2014,35,0,0,0,0,0,0
821,MIX09,2014,5/6/2014,40,0,0,0,0,0,0
822,MIX09,2014,5/6/2014,45,0,0,0,0,0,999
823,MIX09,2014,5/6/2014,50,0,0,0,0,0,999
824,MIX09,2015,5/6/2015,5,0,0,0,999,0,0
825,MIX09,2015,5/6/2015,10,0,0,0,0,0,999
826,MIX09,2015,5/6/2015,15,0,0,0,0,0,999
827,MIX09,2015,5/6/2015,20,0,0,0,0,0,0
828,MIX09,2015,5/6/2015,25,0,0,0,0,0,999
829,MIX09,2015,5/6/2015,30,0,0,0,0,0,0
830,MIX09,2015,5/6/2015,35,0,0,0,0,0,0
831,MIX09,2015,5/6/2015,40,0,0,0,0,0,0
832,MIX09,2015,5/6/2015,45,0,0,0,0,0,0
833,MIX09,2015,5/6/2015,50,0,0,0,0,0,0
834,MIX09,2016,5/3/2016,5,0,0,0,1,0,-1
835,MIX09,2016,5/3/2016,10,0,0,0,0,0,13
836,MIX09,2016,5/3/2016,15,0,0,0,0,0,1
837,MIX09,2016,,20,0,0,0,0,0,1
838,MIX09,2016,5/3/2016,25,0,-1,0,0,0,1
839,MIX09,2016,5/3/2016,30,0,0,0,0,0,0
840,MIX09,2016,5/3/2016,35,0,0,0,0,0,0
841,MIX09,2016,5/3/2016,40,0,0,0,0,0,-1
842,MIX09,2016,5/3/2016,45,0,0,0,0,0,-1
843,MIX09,2016,5/3/2016,50,0,0,0,0,0,-1
844,MIX10,2011,5/23/2011,20,0,0,0,0,0,0
845,MIX10,2011,5/23/2011,25,0,999,0,0,0,0
846,MIX10,2011,5/23/2011,50,0,0,0,0,0,0
847,MIX10,2012,5/2/2012,5,0,0,0,0,0,0
848,MIX10,2012,5/2/2012,10,0,0,0,0,0,0
849,MIX10,2012,5/2/2012,15,0,0,0,0,0,0
850,MIX10,2012,5/2/2012,20,0,0,0,0,0,0
851,MIX10,2012,5/2/2012,25,0,999,0,0,0,0
852,MIX10,2012,5/2/2012,30,0,0,0,0,0,0
853,MIX10,2012,5/2/2012,35,0,0,0,0,0,0
854,MIX10,2012,5/2/2012,40,0,0,0,0,0,0
855,MIX10,2012,5/2/2012,45,0,0,0,0,0,0
856,MIX10,2012,5/2/2012,50,0,0,0,0,0,0
857,MIX10,2013,5/2/2013,5,0,0,0,0,0,0
858,MIX10,2013,5/2/2013,10,0,0,0,0,0,0
859,MIX10,2013,5/2/2013,15,0,0,0,0,0,0
860,MIX10,2013,5/2/2013,20,0,0,0,0,0,0
861,MIX10,2013,5/2/2013,25,0,999,0,0,0,0
862,MIX10,2013,5/2/2013,30,0,999,0,0,0,0
863,MIX10,2013,5/2/2013,35,0,999,0,0,0,0
864,MIX10,2013,5/2/2013,40,0,0,0,0,0,0
865,MIX10,2013,5/2/2013,45,0,0,0,0,0,0
866,MIX10,2013,5/2/2013,50,0,0,0,0,0,0
867,MIX10,2014,5/6/2014,5,0,0,0,0,0,0
868,MIX10,2014,5/6/2014,10,0,0,0,0,0,0
869,MIX10,2014,5/6/2014,15,0,0,0,0,0,0
870,MIX10,2014,5/6/2014,20,0,0,0,0,0,0
871,MIX10,2014,5/6/2014,25,0,0,0,0,0,0
872,MIX10,2014,5/6/2014,30,0,0,0,0,0,0
873,MIX10,2014,5/6/2014,35,0,0,0,0,0,0
874,MIX10,2014,5/6/2014,40,0,0,0,0,0,0
875,MIX10,2014,5/6/2014,45,0,0,0,0,0,0
876,MIX10,2014,5/6/2014,50,0,0,0,0,0,0
877,MIX10,2015,5/6/2015,5,0,0,0,0,0,0
878,MIX10,2015,5/6/2015,10,0,0,0,0,0,0
879,MIX10,2015,5/6/2015,15,0,0,0,0,0,0
880,MIX10,2015,5/6/2015,20,0,0,0,0,0,0
881,MIX10,2015,5/6/2015,25,0,999,0,0,0,0
882,MIX10,2015,5/6/2015,30,0,999,0,0,0,0
883,MIX10,2015,5/6/2015,35,0,0,0,0,0,0
884,MIX10,2015,5/6/2015,40,0,0,0,0,0,0
885,MIX10,2015,5/6/2015,45,0,0,0,0,0,0
886,MIX10,2015,5/6/2015,50,0,0,0,0,0,0
887,MIX10,2016,5/3/2016,5,0,0,0,0,0,-1
888,MIX10,2016,5/3/2016,10,0,0,0,0,0,0
889,MIX10,2016,5/3/2016,15,0,0,0,0,0,0
890,MIX10,2016,5/3/2016,20,0,0,0,0,0,0
891,MIX10,2016,5/3/2016,25,0,0,0,0,0,0
892,MIX10,2016,5/3/2016,30,0,0,0,0,0,0
893,MIX10,2016,5/3/2016,35,0,0,0,0,0,0
894,MIX10,2016,5/3/2016,40,0,0,0,0,0,0
895,MIX10,2016,5/3/2016,45,0,0,0,0,0,0
896,MIX10,2016,5/3/2016,50,0,0,0,0,0,0
897,NAT01,2011,5/19/2011,5,0,0,0,999,0,0
898,NAT01,2011,5/19/2011,35,0,0,0,999,0,0
899,NAT01,2011,5/19/2011,40,0,0,0,999,0,0
900,NAT01,2012,5/2/2012,5,0,0,0,0,0,999
901,NAT01,2012,5/2/2012,10,0,0,0,999,0,0
902,NAT01,2012,5/2/2012,15,0,0,0,999,0,0
903,NAT01,2012,5/2/2012,20,0,0,0,999,0,0
904,NAT01,2012,5/2/2012,25,0,0,0,999,0,0
905,NAT01,2012,5/2/2012,30,0,0,0,999,0,0
906,NAT01,2012,5/2/2012,35,0,0,0,999,0,0
907,NAT01,2012,5/2/2012,40,0,0,0,999,0,0
908,NAT01,2012,5/2/2012,45,0,0,0,999,0,0
909,NAT01,2012,5/2/2012,50,0,0,0,999,0,0
910,NAT01,2013,5/13/2013,5,0,0,0,999,0,999
911,NAT01,2013,5/13/2013,10,0,0,0,999,0,999
912,NAT01,2013,5/13/2013,15,0,0,0,999,0,0
913,NAT01,2013,5/13/2013,20,0,999,0,999,0,0
914,NAT01,2013,5/13/2013,25,0,0,0,999,0,0
915,NAT01,2013,5/13/2013,30,0,0,0,999,0,0
916,NAT01,2013,5/13/2013,35,0,0,0,999,0,999
917,NAT01,2013,5/13/2013,40,0,0,0,999,0,0
918,NAT01,2013,5/13/2013,45,0,0,0,999,0,0
919,NAT01,2013,5/13/2013,50,0,0,0,999,0,0
920,NAT01,2014,5/1/2014,5,0,0,0,999,0,999
921,NAT01,2014,5/1/2014,10,0,0,0,999,0,0
922,NAT01,2014,5/1/2014,15,0,0,0,999,0,0
923,NAT01,2014,5/1/2014,20,0,0,0,999,0,0
924,NAT01,2014,5/1/2014,25,0,0,0,0,0,0
925,NAT01,2014,5/1/2014,30,0,0,0,999,0,0
926,NAT01,2014,5/1/2014,35,0,0,0,999,0,0
927,NAT01,2014,5/1/2014,40,0,0,0,999,0,0
928,NAT01,2014,5/1/2014,45,0,0,0,999,0,0
929,NAT01,2014,5/1/2014,50,0,0,0,999,0,0
930,NAT01,2015,5/4/2015,5,0,0,0,0,0,999
931,NAT01,2015,5/4/2015,10,0,0,0,999,0,0
932,NAT01,2015,5/4/2015,15,0,0,0,999,0,0
933,NAT01,2015,5/4/2015,20,0,0,0,999,0,0
934,NAT01,2015,5/4/2015,25,0,0,0,999,0,0
935,NAT01,2015,5/4/2015,30,0,0,0,999,0,0
936,NAT01,2015,5/4/2015,35,0,0,0,999,0,0
937,NAT01,2015,5/4/2015,40,0,0,0,999,0,0
938,NAT01,2015,5/4/2015,45,0,0,0,999,0,0
939,NAT01,2015,5/4/2015,50,0,0,0,999,0,0
940,NAT01,2016,5/2/2016,5,0,0,0,0,0,-1
941,NAT01,2016,5/2/2016,10,0,0,0,22,0,0
942,NAT01,2016,5/3/2016,15,0,0,0,5,0,0
943,NAT01,2016,5/2/2016,20,0,0,0,2,0,0
944,NAT01,2016,5/2/2016,25,0,0,0,0,0,0
945,NAT01,2016,5/2/2016,30,0,0,0,4,0,0
946,NAT01,2016,5/2/2016,35,0,0,0,2,0,0
947,NAT01,2016,5/2/2016,40,0,0,0,3,0,0
948,NAT01,2016,5/2/2016,45,0,0,0,5,0,0
949,NAT01,2016,5/2/2016,50,0,0,0,1,0,0
950,NAT02,2011,5/23/2011,10,0,0,0,999,0,999
951,NAT02,2011,5/23/2011,20,0,0,0,999,0,999
952,NAT02,2011,5/23/2011,40,0,0,0,999,0,999
953,NAT02,2012,5/7/2012,5,0,0,0,999,0,0
954,NAT02,2012,5/7/2012,10,0,0,0,999,0,999
955,NAT02,2012,5/7/2012,15,0,0,0,999,0,999
956,NAT02,2012,5/7/2012,20,0,0,0,999,0,999
957,NAT02,2012,5/7/2012,25,0,0,0,0,0,999
958,NAT02,2012,5/7/2012,30,0,0,0,999,0,999
959,NAT02,2012,5/7/2012,35,0,0,0,999,0,999
960,NAT02,2012,5/7/2012,40,0,0,0,999,0,0
961,NAT02,2012,5/7/2012,45,0,0,0,999,0,0
962,NAT02,2012,5/7/2012,50,0,0,0,999,0,0
963,NAT02,2013,5/9/2013,5,0,0,0,999,0,999
964,NAT02,2013,5/9/2013,10,0,0,0,999,0,999
965,NAT02,2013,5/9/2013,15,0,999,0,999,0,999
966,NAT02,2013,5/9/2013,20,0,0,0,999,0,999
967,NAT02,2013,5/9/2013,25,0,0,0,999,0,999
968,NAT02,2013,5/9/2013,30,0,0,0,999,0,999
969,NAT02,2013,5/9/2013,35,0,0,0,999,0,0
970,NAT02,2013,5/9/2013,40,0,0,0,999,0,999
971,NAT02,2013,5/9/2013,45,0,0,0,0,0,999
972,NAT02,2013,5/9/2013,50,0,0,0,0,0,999
973,NAT02,2014,5/14/2014,5,0,0,0,999,0,0
974,NAT02,2014,5/14/2014,10,0,0,0,999,0,0
975,NAT02,2014,5/14/2014,15,0,999,0,999,0,0
976,NAT02,2014,5/14/2014,20,0,0,0,999,0,999
977,NAT02,2014,5/14/2014,25,0,0,0,999,0,999
978,NAT02,2014,5/14/2014,30,0,0,0,999,0,999
979,NAT02,2014,5/14/2014,35,0,0,0,999,0,999
980,NAT02,2014,5/14/2014,40,0,0,0,999,0,999
981,NAT02,2014,5/14/2014,45,0,999,0,999,0,999
982,NAT02,2014,5/14/2014,50,0,0,0,0,0,999
983,NAT02,2015,5/13/2015,5,0,0,0,999,0,999
984,NAT02,2015,5/13/2015,10,0,999,0,999,0,0
985,NAT02,2015,5/13/2015,15,0,0,0,999,0,0
986,NAT02,2015,5/13/2015,20,0,0,0,999,0,999
987,NAT02,2015,5/13/2015,25,0,0,0,999,0,999
988,NAT02,2015,5/13/2015,30,0,999,0,999,0,999
989,NAT02,2015,5/13/2015,35,0,0,0,999,0,999
990,NAT02,2015,5/13/2015,40,0,0,0,999,0,999
991,NAT02,2015,5/13/2015,45,0,0,0,999,0,999
992,NAT02,2015,5/13/2015,50,0,999,0,999,0,999
993,NAT02,2016,5/5/2016,5,0,-1,0,5,0,2
994,NAT02,2016,5/5/2016,10,0,0,0,1,0,0
995,NAT02,2016,5/5/2016,15,0,0,0,9,0,0
996,NAT02,2016,5/5/2016,20,0,0,0,15,0,2
997,NAT02,2016,5/5/2016,25,0,0,0,5,0,2
998,NAT02,2016,5/5/2016,30,0,0,0,10,0,3
999,NAT02,2016,5/5/2016,35,0,0,0,1,0,4
1000,NAT02,2016,5/5/2016,40,0,0,0,5,0,0
1001,NAT02,2016,5/5/2016,45,0,0,0,3,0,-1
1002,NAT02,2016,5/5/2016,50,0,-1,0,0,0,7
1003,NAT03,2011,5/23/2011,5,0,999,0,999,0,0
1004,NAT03,2011,5/23/2011,20,0,0,0,999,0,999
1005,NAT03,2011,5/23/2011,25,0,0,0,999,0,0
1006,NAT03,2012,5/7/2012,5,0,0,0,999,0,0
1007,NAT03,2012,5/7/2012,10,0,0,0,999,0,999
1008,NAT03,2012,5/7/2012,15,0,0,0,999,0,0
1009,NAT03,2012,5/7/2012,20,0,0,0,999,0,0
1010,NAT03,2012,5/7/2012,25,999,0,0,999,0,0
1011,NAT03,2012,5/7/2012,30,0,0,0,999,0,999
1012,NAT03,2012,5/7/2012,35,0,0,0,999,0,999
1013,NAT03,2012,5/7/2012,40,0,0,0,999,0,999
1014,NAT03,2012,5/7/2012,45,0,0,0,999,0,999
1015,NAT03,2012,5/7/2012,50,0,999,0,999,0,999
1016,NAT03,2013,5/10/2013,5,0,999,0,999,0,999
1017,NAT03,2013,5/10/2013,10,0,0,0,999,0,999
1018,NAT03,2013,5/10/2013,15,0,0,0,999,0,999
1019,NAT03,2013,5/10/2013,20,0,0,0,999,0,999
1020,NAT03,2013,5/10/2013,25,0,0,0,999,0,0
1021,NAT03,2013,5/10/2013,30,0,0,0,999,0,999
1022,NAT03,2013,5/10/2013,35,0,999,0,999,0,999
1023,NAT03,2013,5/10/2013,40,0,999,0,999,0,999
1024,NAT03,2013,5/10/2013,45,0,999,0,999,0,999
1025,NAT03,2013,5/10/2013,50,0,999,0,999,0,999
1026,NAT03,2014,5/14/2014,5,0,0,0,999,0,999
1027,NAT03,2014,5/14/2014,10,0,0,0,999,0,0
1028,NAT03,2014,5/14/2014,15,0,0,0,999,0,0
1029,NAT03,2014,5/14/2014,20,0,0,0,999,0,0
1030,NAT03,2014,5/14/2014,25,0,0,0,999,0,0
1031,NAT03,2014,5/14/2014,30,0,0,0,999,0,999
1032,NAT03,2014,5/14/2014,35,0,0,0,999,0,999
1033,NAT03,2014,5/14/2014,40,0,999,0,999,0,999
1034,NAT03,2014,5/14/2014,45,0,0,0,999,0,999
1035,NAT03,2014,5/14/2014,50,0,0,0,999,0,999
1036,NAT03,2015,5/6/2015,5,0,999,0,999,0,0
1037,NAT03,2015,5/6/2015,10,0,0,0,999,0,999
1038,NAT03,2015,5/6/2015,15,0,0,0,999,0,0
1039,NAT03,2015,5/6/2015,20,0,0,0,999,0,0
1040,NAT03,2015,5/6/2015,25,0,0,0,999,0,0
1041,NAT03,2015,5/6/2015,30,0,0,0,999,0,999
1042,NAT03,2015,5/6/2015,35,0,0,0,999,0,0
1043,NAT03,2015,5/6/2015,40,0,0,0,999,0,999
1044,NAT03,2015,5/6/2015,45,0,999,0,999,0,999
1045,NAT03,2015,5/6/2015,50,0,0,0,999,0,999
1046,NAT03,2016,5/6/2016,5,-1,0,0,35,0,0
1047,NAT03,2016,5/6/2016,10,0,-1,0,16,0,-1
1048,NAT03,2016,5/6/2016,15,0,0,0,9,0,0
1049,NAT03,2016,5/6/2016,20,0,0,0,15,0,0
1050,NAT03,2016,5/6/2016,25,0,0,0,2,0,0
1051,NAT03,2016,5/6/2016,30,0,-1,0,50,0,-1
1052,NAT03,2016,5/6/2016,35,0,-1,0,6,0,-1
1053,NAT03,2016,5/6/2016,40,-1,-1,0,19,0,-1
1054,NAT03,2016,5/6/2016,45,0,-1,0,7,0,4
1055,NAT03,2016,5/6/2016,50,0,0,0,12,0,4
1056,NAT04,2011,6/3/2011,15,0,0,0,999,0,999
1057,NAT04,2011,6/3/2011,25,0,0,0,0,0,0
1058,NAT04,2011,6/3/2011,50,0,0,0,999,0,999
1059,NAT04,2012,5/9/2012,5,0,0,0,999,0,0
1060,NAT04,2012,5/9/2012,10,0,0,0,999,0,0
1061,NAT04,2012,5/9/2012,15,0,0,0,999,0,0
1062,NAT04,2012,5/9/2012,20,0,0,0,999,0,0
1063,NAT04,2012,5/9/2012,25,0,0,0,999,999,0
1064,NAT04,2012,5/9/2012,30,0,0,0,999,0,0
1065,NAT04,2012,5/9/2012,35,0,0,0,999,0,0
1066,NAT04,2012,5/9/2012,40,0,0,0,999,0,0
1067,NAT04,2012,5/9/2012,45,0,0,0,999,0,0
1068,NAT04,2012,5/9/2012,50,0,0,0,999,0,0
1069,NAT04,2013,5/13/2013,5,0,0,0,999,0,999
1070,NAT04,2013,5/13/2013,10,0,0,0,999,0,999
1071,NAT04,2013,5/13/2013,15,0,0,0,999,0,0
1072,NAT04,2013,5/13/2013,20,0,0,0,999,0,999
1073,NAT04,2013,5/13/2013,25,0,0,0,999,0,999
1074,NAT04,2013,5/13/2013,30,0,0,0,999,0,999
1075,NAT04,2013,5/13/2013,35,0,0,0,999,0,999
1076,NAT04,2013,5/13/2013,40,0,0,0,999,0,999
1077,NAT04,2013,5/13/2013,45,0,0,0,999,0,999
1078,NAT04,2013,5/13/2013,50,0,0,0,999,0,0
1079,NAT04,2014,5/13/2014,5,0,0,0,999,0,999
1080,NAT04,2014,5/13/2014,10,0,0,0,999,0,999
1081,NAT04,2014,5/13/2014,15,0,0,0,999,0,999
1082,NAT04,2014,5/13/2014,20,0,0,0,999,0,999
1083,NAT04,2014,5/13/2014,25,0,0,0,999,0,999
1084,NAT04,2014,5/13/2014,30,0,0,0,999,0,999
1085,NAT04,2014,5/13/2014,35,0,0,0,999,0,999
1086,NAT04,2014,5/13/2014,40,0,0,0,999,0,999
1087,NAT04,2014,5/13/2014,45,0,0,0,999,0,999
1088,NAT04,2014,5/13/2014,50,0,0,0,999,0,999
1089,NAT04,2015,5/12/2015,5,0,0,0,999,0,999
1090,NAT04,2015,5/12/2015,10,0,0,0,999,0,0
1091,NAT04,2015,5/12/2015,15,0,0,0,999,0,0
1092,NAT04,2015,5/12/2015,20,0,0,0,999,0,999
1093,NAT04,2015,5/12/2015,25,0,0,0,999,0,999
1094,NAT04,2015,5/12/2015,30,0,0,0,999,0,999
1095,NAT04,2015,5/12/2015,35,0,0,0,999,0,999
1096,NAT04,2015,5/12/2015,40,0,0,0,999,0,0
1097,NAT04,2015,5/12/2015,45,0,0,0,999,0,999
1098,NAT04,2015,5/12/2015,50,0,0,0,999,0,999
1099,NAT04,2016,5/16/2016,5,0,0,0,4,0,-1
1100,NAT04,2016,5/16/2016,10,0,0,0,10,0,0
1101,NAT04,2016,5/16/2016,15,0,0,0,17,0,0
1102,NAT04,2016,5/16/2016,20,0,0,0,7,0,-1
1103,NAT04,2016,5/16/2016,25,0,0,0,20,0,-1
1104,NAT04,2016,5/16/2016,30,0,0,0,18,0,-1
1105,NAT04,2016,5/16/2016,35,0,0,0,18,0,3
1106,NAT04,2016,5/16/2016,40,0,0,0,13,0,-1
1107,NAT04,2016,5/16/2016,45,0,0,0,-1,0,-1
1108,NAT04,2016,5/16/2016,50,0,0,0,14,0,1
1109,NAT05,2011,5/23/2011,5,0,999,0,999,0,0
1110,NAT05,2011,5/23/2011,10,0,0,0,999,0,0
1111,NAT05,2011,5/23/2011,50,0,0,0,0,0,0
1112,NAT05,2012,5/2/2012,5,0,0,0,999,0,0
1113,NAT05,2012,5/2/2012,10,0,0,0,999,0,0
1114,NAT05,2012,5/2/2012,15,0,0,0,999,0,0
1115,NAT05,2012,5/2/2012,20,0,0,0,999,0,0
1116,NAT05,2012,5/2/2012,25,0,0,0,999,0,0
1117,NAT05,2012,5/2/2012,30,0,0,0,999,0,0
1118,NAT05,2012,5/2/2012,35,0,0,0,999,0,0
1119,NAT05,2012,5/2/2012,40,0,0,0,0,0,0
1120,NAT05,2012,5/2/2012,45,0,0,0,0,0,0
1121,NAT05,2012,5/2/2012,50,0,0,0,0,0,0
1122,NAT05,2013,5/3/2013,5,0,0,0,999,0,999
1123,NAT05,2013,5/3/2013,10,0,0,0,999,0,0
1124,NAT05,2013,5/3/2013,15,0,0,0,999,0,0
1125,NAT05,2013,5/3/2013,20,0,0,0,999,0,0
1126,NAT05,2013,5/3/2013,25,0,0,0,999,0,0
1127,NAT05,2013,5/3/2013,30,0,0,0,999,0,0
1128,NAT05,2013,5/3/2013,35,0,0,0,999,0,0
1129,NAT05,2013,5/3/2013,40,0,0,0,0,0,0
1130,NAT05,2013,5/3/2013,45,0,0,0,0,0,0
1131,NAT05,2013,5/3/2013,50,0,0,0,0,0,0
1132,NAT05,2014,5/2/2014,5,0,0,0,999,0,0
1133,NAT05,2014,5/2/2014,10,0,0,0,999,0,0
1134,NAT05,2014,5/2/2014,15,0,0,0,999,0,0
1135,NAT05,2014,5/2/2014,20,0,0,0,999,0,0
1136,NAT05,2014,5/2/2014,25,0,0,0,999,0,0
1137,NAT05,2014,5/2/2014,30,0,0,0,999,0,0
1138,NAT05,2014,5/2/2014,35,0,0,0,999,0,0
1139,NAT05,2014,5/2/2014,40,0,0,0,0,0,0
1140,NAT05,2014,5/2/2014,45,0,0,0,0,0,0
1141,NAT05,2014,5/2/2014,50,0,0,0,0,0,0
1142,NAT05,2015,5/5/2015,5,0,0,0,999,0,0
1143,NAT05,2015,5/5/2015,10,0,0,0,999,0,0
1144,NAT05,2015,5/5/2015,15,0,0,0,999,0,0
1145,NAT05,2015,5/5/2015,20,0,0,0,999,0,0
1146,NAT05,2015,5/5/2015,25,0,0,0,999,0,0
1147,NAT05,2015,5/5/2015,30,0,0,0,999,0,0
1148,NAT05,2015,5/5/2015,35,0,0,0,999,0,0
1149,NAT05,2015,5/5/2015,40,0,0,0,0,0,0
1150,NAT05,2015,5/5/2015,45,0,0,0,0,0,0
1151,NAT05,2015,5/5/2015,50,0,0,0,0,0,0
1152,NAT05,2016,5/4/2016,5,0,0,0,9,0,0
1153,NAT05,2016,5/4/2016,10,0,0,0,2,0,0
1154,NAT05,2016,5/4/2016,15,0,0,0,12,0,0
1155,NAT05,2016,5/4/2016,20,0,0,0,17,0,0
1156,NAT05,2016,5/4/2016,25,0,0,0,12,0,0
1157,NAT05,2016,5/4/2016,30,0,0,0,24,0,0
1158,NAT05,2016,5/4/2016,35,0,0,0,18,0,0
1159,NAT05,2016,5/4/2016,40,0,0,0,0,0,0
1160,NAT05,2016,5/4/2016,45,0,0,0,0,0,0
1161,NAT05,2016,5/4/2016,50,0,0,0,0,0,0
1162,SER01,2011,5/19/2011,20,0,0,0,0,0,0
1163,SER01,2011,5/19/2011,40,0,0,0,0,0,0
1164,SER01,2011,5/19/2011,45,0,0,0,0,0,0
1165,SER01,2012,5/2/2012,5,0,0,0,0,0,0
1166,SER01,2012,5/2/2012,10,0,0,0,0,0,0
1167,SER01,2012,5/2/2012,15,0,0,0,0,0,0
1168,SER01,2012,5/2/2012,20,0,0,0,0,0,0
1169,SER01,2012,5/2/2012,25,0,0,0,0,0,0
1170,SER01,2012,5/2/2012,30,0,0,0,0,0,0
1171,SER01,2012,5/2/2012,35,0,0,0,0,0,0
1172,SER01,2012,5/2/2012,40,0,0,0,0,0,0
1173,SER01,2012,5/2/2012,45,0,0,0,0,0,0
1174,SER01,2012,5/2/2012,50,0,0,0,0,0,0
1175,SER01,2013,5/1/2013,5,0,0,0,0,0,0
1176,SER01,2013,5/1/2013,10,0,0,0,0,0,0
1177,SER01,2013,5/1/2013,15,0,0,0,0,0,0
1178,SER01,2013,5/1/2013,20,0,0,0,0,0,0
1179,SER01,2013,5/1/2013,25,0,0,0,0,0,0
1180,SER01,2013,5/1/2013,30,0,0,0,0,0,0
1181,SER01,2013,5/1/2013,35,0,0,0,0,0,0
1182,SER01,2013,5/1/2013,40,0,0,0,0,0,0
1183,SER01,2013,5/1/2013,45,0,0,0,0,0,0
1184,SER01,2013,5/1/2013,50,0,0,0,0,0,0
1185,SER01,2014,5/1/2014,5,0,0,0,0,0,0
1186,SER01,2014,5/1/2014,10,0,0,0,0,0,0
1187,SER01,2014,5/1/2014,15,0,0,0,0,0,0
1188,SER01,2014,5/1/2014,20,0,0,0,0,0,0
1189,SER01,2014,5/1/2014,25,0,0,0,0,0,0
1190,SER01,2014,5/1/2014,30,0,0,0,0,0,0
1191,SER01,2014,5/1/2014,35,0,0,0,0,0,0
1192,SER01,2014,5/1/2014,40,0,0,0,0,0,0
1193,SER01,2014,5/1/2014,45,0,0,0,0,0,0
1194,SER01,2014,5/1/2014,50,0,0,0,0,0,0
1195,SER01,2015,5/4/2015,5,0,0,0,0,0,0
1196,SER01,2015,5/4/2015,10,0,0,0,0,0,0
1197,SER01,2015,5/4/2015,15,0,0,0,0,0,0
1198,SER01,2015,5/4/2015,20,0,0,0,0,0,0
1199,SER01,2015,5/4/2015,25,0,0,0,0,0,999
1200,SER01,2015,5/4/2015,30,0,0,0,0,0,999
1201,SER01,2015,5/4/2015,35,0,0,0,0,0,0
1202,SER01,2015,5/4/2015,40,0,0,0,0,0,0
1203,SER01,2015,5/4/2015,45,0,0,999,0,0,0
1204,SER01,2015,5/4/2015,50,0,0,0,0,0,0
1205,SER01,2016,5/2/2016,5,0,0,0,0,0,0
1206,SER01,2016,5/2/2016,10,0,0,0,0,0,0
1207,SER01,2016,5/2/2016,15,0,0,0,0,0,0
1208,SER01,2016,5/2/2016,20,0,0,0,0,0,0
1209,SER01,2016,5/2/2016,25,0,0,0,0,0,0
1210,SER01,2016,5/2/2016,30,0,0,0,0,0,0
1211,SER01,2016,5/2/2016,35,0,0,0,0,0,0
1212,SER01,2016,5/2/2016,40,0,0,0,0,0,0
1213,SER01,2016,5/2/2016,45,0,0,0,0,0,0
1214,SER01,2016,5/2/2016,50,0,0,0,0,0,0
1215,SER02,2011,5/19/2011,10,0,0,0,0,0,0
1216,SER02,2011,5/19/2011,15,0,0,0,0,0,0
1217,SER02,2011,5/19/2011,50,0,0,0,0,0,0
1218,SER02,2012,5/1/2012,5,0,0,0,0,0,0
1219,SER02,2012,5/1/2012,10,0,0,0,0,0,0
1220,SER02,2012,5/1/2012,15,0,0,0,0,0,0
1221,SER02,2012,5/1/2012,20,0,0,0,0,0,0
1222,SER02,2012,5/1/2012,25,0,0,0,999,0,0
1223,SER02,2012,5/1/2012,30,0,0,0,0,0,0
1224,SER02,2012,5/1/2012,35,0,0,0,0,0,0
1225,SER02,2012,5/1/2012,40,0,0,0,0,0,0
1226,SER02,2012,5/1/2012,45,0,0,0,0,0,0
1227,SER02,2012,5/1/2012,50,0,0,0,0,0,0
1228,SER02,2013,5/1/2013,5,0,0,0,0,0,0
1229,SER02,2013,5/1/2013,10,0,0,0,0,0,0
1230,SER02,2013,5/1/2013,15,0,0,0,0,0,0
1231,SER02,2013,5/1/2013,20,0,0,0,0,0,0
1232,SER02,2013,5/1/2013,25,0,0,0,0,0,0
1233,SER02,2013,5/1/2013,30,0,0,0,0,0,0
1234,SER02,2013,5/1/2013,35,0,0,0,0,0,0
1235,SER02,2013,5/1/2013,40,0,0,0,0,0,0
1236,SER02,2013,5/1/2013,45,0,0,0,0,0,0
1237,SER02,2013,5/1/2013,50,0,0,0,0,0,0
1238,SER02,2014,5/2/2014,5,0,0,0,0,0,0
1239,SER02,2014,5/2/2014,10,0,0,0,0,0,0
1240,SER02,2014,5/2/2014,15,0,0,0,0,0,0
1241,SER02,2014,5/2/2014,20,0,0,0,0,0,0
1242,SER02,2014,5/2/2014,25,0,0,0,0,0,0
1243,SER02,2014,5/2/2014,30,0,0,0,0,0,0
1244,SER02,2014,5/2/2014,35,0,0,0,0,0,0
1245,SER02,2014,5/2/2014,40,0,0,0,0,0,0
1246,SER02,2014,5/2/2014,45,0,0,0,0,0,0
1247,SER02,2014,5/2/2014,50,0,0,0,0,0,0
1248,SER02,2015,5/4/2015,5,0,0,0,0,0,0
1249,SER02,2015,5/4/2015,10,0,0,0,0,0,0
1250,SER02,2015,5/4/2015,15,0,0,0,0,0,0
1251,SER02,2015,5/4/2015,20,0,0,0,0,0,0
1252,SER02,2015,5/4/2015,25,0,0,0,0,0,0
1253,SER02,2015,5/4/2015,30,0,0,0,0,0,0
1254,SER02,2015,5/4/2015,35,0,0,0,0,0,0
1255,SER02,2015,5/4/2015,40,0,0,0,0,0,0
1256,SER02,2015,5/4/2015,45,0,0,0,0,0,0
1257,SER02,2015,5/4/2015,50,0,0,0,0,0,0
1258,SER02,2016,5/2/2016,5,0,0,0,0,0,0
1259,SER02,2016,5/2/2016,10,0,0,0,0,0,0
1260,SER02,2016,5/2/2016,15,0,0,0,0,0,0
1261,SER02,2016,5/2/2016,20,0,0,0,0,0,0
1262,SER02,2016,5/2/2016,25,0,0,0,0,0,0
1263,SER02,2016,5/2/2016,30,0,0,0,0,0,0
1264,SER02,2016,5/2/2016,35,0,0,0,0,0,0
1265,SER02,2016,5/2/2016,40,0,0,0,0,0,0
1266,SER02,2016,5/2/2016,45,0,0,0,0,0,0
1267,SER02,2016,5/2/2016,50,0,0,0,0,0,0
1268,SER03,2013,5/6/2013,5,0,0,0,0,0,0
1269,SER03,2013,5/6/2013,10,0,0,0,0,0,0
1270,SER03,2013,5/6/2013,15,0,0,0,0,0,0
1271,SER03,2013,5/6/2013,20,0,0,0,0,0,0
1272,SER03,2013,5/6/2013,25,0,0,0,999,0,0
1273,SER03,2013,5/6/2013,30,0,0,0,0,0,0
1274,SER03,2013,5/6/2013,35,0,0,0,0,0,0
1275,SER03,2013,5/6/2013,40,0,0,0,0,0,0
1276,SER03,2013,5/6/2013,45,0,0,0,999,0,0
1277,SER03,2013,5/6/2013,50,0,0,0,0,0,0
1278,SER03,2014,5/2/2014,5,0,0,0,0,0,0
1279,SER03,2014,5/2/2014,10,0,0,0,0,0,0
1280,SER03,2014,5/2/2014,15,0,0,0,0,0,0
1281,SER03,2014,5/2/2014,20,0,0,0,0,0,0
1282,SER03,2014,5/2/2014,25,0,0,0,0,0,0
1283,SER03,2014,5/2/2014,30,0,0,0,0,0,0
1284,SER03,2014,5/2/2014,35,0,0,0,0,0,0
1285,SER03,2014,5/2/2014,40,0,0,0,0,0,0
1286,SER03,2014,5/2/2014,45,0,0,0,0,0,0
1287,SER03,2014,5/2/2014,50,0,0,0,0,0,0
1288,SER03,2015,5/5/2015,5,0,0,0,0,0,0
1289,SER03,2015,5/5/2015,10,0,0,0,0,0,0
1290,SER03,2015,5/5/2015,15,0,0,0,0,0,0
1291,SER03,2015,5/5/2015,20,0,0,0,0,0,0
1292,SER03,2015,5/5/2015,25,0,0,0,0,0,0
1293,SER03,2015,5/5/2015,30,0,0,0,0,0,0
1294,SER03,2015,5/5/2015,35,0,0,0,0,0,0
1295,SER03,2015,5/5/2015,40,0,0,0,0,0,0
1296,SER03,2015,5/5/2015,45,0,0,0,0,0,0
1297,SER03,2015,5/5/2015,50,0,0,0,0,0,0
1298,SER03,2016,5/4/2016,5,0,0,0,0,0,0
1299,SER03,2016,5/4/2016,10,0,0,0,0,0,0
1300,SER03,2016,5/4/2016,15,0,0,0,0,0,0
1301,SER03,2016,5/4/2016,20,0,0,0,0,0,0
1302,SER03,2016,5/4/2016,25,0,0,0,0,0,0
1303,SER03,2016,5/4/2016,30,0,0,0,0,0,0
1304,SER03,2016,5/4/2016,35,0,0,0,0,0,0
1305,SER03,2016,5/4/2016,40,0,0,0,0,0,0
1306,SER03,2016,5/4/2016,45,0,0,0,0,0,0
1307,SER03,2016,5/4/2016,50,0,0,0,0,0,0
1308,HAR01,2017,5/5/2017,5,0,0,0,0,0,0
1309,HAR01,2017,5/5/2017,10,0,0,0,0,0,0
1310,HAR01,2017,5/5/2017,15,0,0,0,0,0,-1
1311,HAR01,2017,5/5/2017,20,0,-1,0,0,0,-1
1312,HAR01,2017,5/5/2017,25,0,0,0,0,0,-1
1313,HAR01,2017,5/5/2017,30,0,0,0,0,0,-1
1314,HAR01,2017,5/5/2017,35,0,0,0,0,0,-1
1315,HAR01,2017,5/5/2017,40,0,0,0,0,0,-1
1316,HAR01,2017,5/5/2017,45,0,0,0,0,0,0
1317,HAR01,2017,5/5/2017,50,0,0,0,0,0,0
1318,HAR01X,2017,5/5/2017,5,0,0,0,0,0,-1
1319,HAR01X,2017,5/5/2017,10,0,0,0,0,0,-1
1320,HAR01X,2017,5/5/2017,15,0,2,0,0,0,2
1321,HAR01X,2017,5/5/2017,20,0,0,0,0,0,-1
1322,HAR01X,2017,5/5/2017,25,0,0,0,0,0,-1
1323,HAR01X,2017,5/5/2017,30,0,0,0,0,0,-1
1324,HAR01X,2017,5/5/2017,35,0,0,0,0,0,-1
1325,HAR01X,2017,5/5/2017,40,0,0,0,0,0,-1
1326,HAR01X,2017,5/5/2017,45,0,0,0,0,0,-1
1327,HAR01X,2017,5/5/2017,50,0,0,0,0,0,-1
1328,HAR02,2017,5/15/2017,5,0,0,0,0,0,-1
1329,HAR02,2017,5/15/2017,10,0,0,0,0,0,0
1330,HAR02,2017,5/15/2017,15,0,0,0,1,0,-1
1331,HAR02,2017,5/15/2017,20,0,0,0,0,0,2
1332,HAR02,2017,5/15/2017,25,0,0,0,0,0,1
1333,HAR02,2017,5/15/2017,30,0,0,0,0,0,2
1334,HAR02,2017,5/15/2017,35,0,0,0,0,0,1
1335,HAR02,2017,5/15/2017,40,0,0,0,0,0,-1
1336,HAR02,2017,5/15/2017,45,0,0,0,0,0,1
1337,HAR02,2017,5/15/2017,50,0,0,0,0,0,5
1338,HAR02X,2017,5/15/2017,5,0,0,0,0,0,0
1339,HAR02X,2017,5/15/2017,10,0,0,0,0,0,0
1340,HAR02X,2017,5/15/2017,15,0,0,0,0,0,0
1341,HAR02X,2017,5/15/2017,20,0,0,0,0,0,0
1342,HAR02X,2017,5/15/2017,25,0,0,0,0,0,0
1343,HAR02X,2017,5/15/2017,30,0,0,0,0,0,0
1408,HAR02X,2017,5/15/2017,35,0,0,0,0,0,0
1409,HAR02X,2017,5/15/2017,40,0,0,0,0,0,0
1410,HAR02X,2017,5/15/2017,45,0,0,0,0,0,0
1411,HAR02X,2017,5/15/2017,50,0,0,0,0,0,0
1412,HAR03,2017,5/9/2017,5,0,0,0,-1,0,-1
1413,HAR03,2017,5/9/2017,10,0,0,0,0,0,0
1414,HAR03,2017,5/9/2017,15,0,0,0,0,0,-1
1415,HAR03,2017,5/9/2017,20,0,0,0,0,0,0
1416,HAR03,2017,5/9/2017,25,0,0,0,0,0,0
1417,HAR03,2017,5/9/2017,30,0,0,0,0,0,0
1418,HAR03,2017,5/9/2017,35,0,0,0,0,0,-1
1419,HAR03,2017,5/9/2017,40,0,0,0,0,0,-1
1420,HAR03,2017,5/9/2017,45,0,0,0,-1,0,0
1421,HAR03,2017,5/9/2017,50,0,0,0,1,0,-1
1422,HAR04,2017,5/9/2017,5,0,0,0,0,0,-1
1423,HAR04,2017,5/9/2017,10,0,0,0,0,0,-1
1424,HAR04,2017,5/9/2017,15,0,0,0,0,0,0
1425,HAR04,2017,5/9/2017,20,0,0,0,0,0,0
1426,HAR04,2017,5/9/2017,25,0,0,0,0,0,0
1427,HAR04,2017,5/9/2017,30,0,0,0,0,0,-1
1428,HAR04,2017,5/9/2017,35,0,0,0,0,0,0
1429,HAR04,2017,5/9/2017,40,0,0,0,0,0,0
1430,HAR04,2017,5/9/2017,45,0,0,0,0,0,-1
1431,HAR04,2017,5/9/2017,50,0,0,0,0,0,-1
1432,MED01,2017,5/4/2017,5,0,0,0,0,0,0
1433,MED01,2017,5/4/2017,10,0,0,0,0,0,0
1434,MED01,2017,5/4/2017,15,0,0,0,0,0,0
1435,MED01,2017,5/4/2017,20,0,0,0,0,0,0
1436,MED01,2017,5/4/2017,25,0,0,0,0,0,0
1437,MED01,2017,5/4/2017,30,0,0,0,0,0,0
1438,MED01,2017,5/4/2017,35,0,0,0,0,0,0
1439,MED01,2017,5/4/2017,40,0,0,0,0,0,0
1440,MED01,2017,5/4/2017,50,0,0,0,0,0,2
1441,MED02,2017,5/8/2017,5,0,0,0,0,0,0
1442,MED02,2017,5/8/2017,10,0,0,0,0,0,0
1443,MED02,2017,5/8/2017,15,0,0,0,0,0,0
1444,MED02,2017,5/8/2017,20,0,0,0,0,0,-1
1445,MED02,2017,5/8/2017,25,0,0,0,0,0,0
1446,MED02,2017,5/8/2017,30,0,0,0,0,0,0
1447,MED02,2017,5/8/2017,35,0,0,0,0,0,-1
1448,MED02,2017,5/8/2017,40,0,0,0,0,0,0
1449,MED02,2017,5/8/2017,45,0,0,0,0,0,-1
1450,MED02,2017,5/8/2017,50,0,0,0,0,0,0
1451,MED03,2017,5/12/2017,5,0,0,0,0,0,0
1452,MED03,2017,5/12/2017,10,0,0,0,0,0,0
1453,MED03,2017,5/12/2017,15,0,0,0,0,0,0
1454,MED03,2017,5/12/2017,20,0,0,0,0,0,0
1455,MED03,2017,5/12/2017,25,0,0,0,0,0,0
1456,MED03,2017,5/12/2017,30,0,0,0,0,0,0
1457,MED03,2017,5/12/2017,35,0,0,0,0,0,0
1458,MED03,2017,5/12/2017,40,0,0,0,0,0,-1
1459,MED03,2017,5/12/2017,45,0,0,0,0,0,0
1460,MED03,2017,5/12/2017,50,0,0,0,0,0,-1
1461,MED03X,2017,5/12/2017,5,0,0,0,0,0,0
1462,MED03X,2017,5/12/2017,10,0,0,0,0,0,-1
1463,MED03X,2017,5/12/2017,15,0,0,0,0,0,5
1464,MED03X,2017,5/12/2017,20,0,0,0,0,0,2
1465,MED03X,2017,5/12/2017,25,0,0,0,0,0,0
1466,MED03X,2017,5/12/2017,30,0,0,0,0,0,0
1467,MED03X,2017,5/12/2017,35,0,0,0,0,0,0
1468,MED03X,2017,5/12/2017,40,0,0,0,0,0,0
1469,MED03X,2017,5/12/2017,45,0,0,0,0,0,0
1470,MED03X,2017,5/12/2017,50,0,0,0,0,0,0
1471,MIX01,2017,5/15/2017,5,0,0,0,0,0,1
1472,MIX01,2017,5/15/2017,10,0,0,0,0,0,-1
1473,MIX01,2017,5/15/2017,15,0,0,0,0,0,-1
1474,MIX01,2017,5/15/2017,20,0,-1,0,0,0,-1
1475,MIX01,2017,5/15/2017,25,0,0,0,-1,0,0
1476,MIX01,2017,5/15/2017,30,0,0,0,-1,0,-1
1477,MIX01,2017,5/15/2017,35,0,0,0,0,0,0
1478,MIX01,2017,5/15/2017,40,0,0,0,0,0,2
1479,MIX01,2017,5/15/2017,45,0,0,0,0,0,-1
1480,MIX01,2017,5/15/2017,50,0,-1,0,0,0,1
1481,MIX01X,2017,5/15/2017,5,0,-1,0,0,0,0
1482,MIX01X,2017,5/15/2017,10,0,-1,0,-1,0,0
1483,MIX01X,2017,5/15/2017,15,0,-1,0,4,0,-1
1484,MIX01X,2017,5/15/2017,20,0,0,0,-1,0,-1
1485,MIX01X,2017,5/15/2017,25,0,-1,0,0,0,-1
1486,MIX01X,2017,5/15/2017,30,0,0,0,10,0,-1
1487,MIX01X,2017,5/15/2017,35,0,-1,0,0,0,-1
1488,MIX01X,2017,5/15/2017,40,0,-1,0,0,0,-1
1489,MIX01X,2017,5/15/2017,45,0,-1,0,0,0,-1
1490,MIX01X,2017,5/15/2017,50,0,0,0,2,0,-1
1491,MIX02,2017,5/10/2017,5,0,0,0,0,0,0
1492,MIX02,2017,5/10/2017,10,0,0,0,0,0,0
1493,MIX02,2017,5/10/2017,15,0,0,0,2,0,0
1494,MIX02,2017,5/10/2017,20,0,0,0,1,0,0
1495,MIX02,2017,5/10/2017,25,0,0,0,0,0,0
1496,MIX02,2017,5/10/2017,30,0,0,0,0,0,0
1497,MIX02,2017,5/10/2017,35,0,0,0,0,0,0
1498,MIX02,2017,5/10/2017,40,0,0,0,0,0,0
1499,MIX02,2017,5/10/2017,45,0,0,0,0,0,0
1500,MIX02,2017,5/10/2017,50,0,0,0,7,0,0
1501,MIX03,2017,5/10/2017,5,0,0,0,0,0,-1
1502,MIX03,2017,5/10/2017,10,0,0,0,0,0,1
1503,MIX03,2017,5/10/2017,15,0,0,0,0,0,1
1504,MIX03,2017,5/10/2017,20,0,0,0,0,0,1
1505,MIX03,2017,5/10/2017,25,0,0,0,1,0,-1
1506,MIX03,2017,5/10/2017,30,0,0,0,0,0,0
1507,MIX03,2017,5/10/2017,35,0,0,0,0,0,-1
1508,MIX03,2017,5/10/2017,40,0,0,0,0,0,1
1509,MIX03,2017,5/10/2017,45,0,0,0,0,0,-1
1510,MIX03,2017,5/10/2017,50,0,0,0,0,0,1
1511,MIX06,2017,5/5/2017,5,0,1,0,0,0,-1
1512,MIX06,2017,5/5/2017,10,0,12,0,0,0,-1
1513,MIX06,2017,5/5/2017,15,0,2,0,0,0,1
1514,MIX06,2017,5/5/2017,20,0,2,0,0,0,-1
1515,MIX06,2017,5/5/2017,25,0,-1,0,0,0,-1
1516,MIX06,2017,5/5/2017,30,0,1,0,0,0,-1
1517,MIX06,2017,5/5/2017,35,0,2,0,0,0,3
1518,MIX06,2017,5/5/2017,40,0,2,0,0,0,-1
1519,MIX06,2017,5/5/2017,45,0,2,0,0,0,0
1520,MIX06,2017,5/5/2017,50,0,2,0,0,0,-1
1521,MIX07,2017,5/5/2017,5,0,0,0,0,0,2
1522,MIX07,2017,5/5/2017,10,0,0,0,0,0,6
1523,MIX07,2017,5/5/2017,15,0,1,0,0,0,-1
1524,MIX07,2017,5/5/2017,20,0,1,0,0,0,0
1525,MIX07,2017,5/5/2017,25,0,2,0,0,0,0
1526,MIX07,2017,5/5/2017,30,0,2,0,0,0,0
1527,MIX07,2017,5/5/2017,35,0,3,0,0,0,0
1528,MIX07,2017,5/5/2017,40,0,-1,0,0,0,0
1529,MIX07,2017,5/5/2017,45,0,3,0,0,0,0
1530,MIX07,2017,5/5/2017,50,0,1,0,0,0,0
1531,MIX08,2017,5/8/2017,5,0,0,0,0,0,0
1532,MIX08,2017,5/8/2017,10,0,0,0,0,0,0
1533,MIX08,2017,5/8/2017,15,0,0,0,0,0,0
1534,MIX08,2017,5/8/2017,20,0,0,0,0,0,0
1535,MIX08,2017,5/8/2017,25,0,0,0,0,0,0
1536,MIX08,2017,5/8/2017,30,0,0,0,0,0,0
1537,MIX08,2017,5/8/2017,35,0,0,0,0,0,0
1538,MIX08,2017,5/8/2017,40,0,0,0,0,0,0
1539,MIX08,2017,5/5/2017,45,0,0,0,0,0,0
1540,MIX08,2017,5/8/2017,50,0,0,0,0,0,0
1541,MIX09,2017,5/2/2017,5,0,0,0,3,0,0
1542,MIX09,2017,5/2/2017,10,0,0,0,0,0,2
1543,MIX09,2017,5/2/2017,20,0,0,0,0,0,-1
1544,MIX09,2017,5/2/2017,15,0,0,0,0,0,-1
1545,MIX09,2017,5/2/2017,25,0,-1,0,0,0,-1
1546,MIX09,2017,5/2/2017,30,0,0,0,0,0,-1
1547,MIX09,2017,5/2/2017,35,0,0,0,0,0,-1
1548,MIX09,2017,5/2/2017,40,0,0,0,0,0,-1
1549,MIX09,2017,5/2/2017,50,0,0,0,0,0,-1
1550,MIX09,2017,5/2/2017,45,0,0,0,0,0,-1
1551,MIX10,2017,5/2/2017,5,0,0,0,0,0,0
1552,MIX10,2017,5/2/2017,10,0,0,0,0,0,0
1553,MIX10,2017,5/2/2017,15,0,0,0,0,0,0
1554,MIX10,2017,5/2/2017,20,0,0,0,0,0,0
1555,MIX10,2017,5/2/2017,25,0,0,0,0,0,0
1556,MIX10,2017,5/2/2017,30,0,0,0,0,0,-1
1557,MIX10,2017,5/2/2017,35,0,0,0,0,0,0
1558,MIX10,2017,5/2/2017,40,0,0,0,0,0,0
1559,MIX10,2017,5/2/2017,45,0,0,0,0,0,0
1560,MIX10,2017,5/2/2017,50,0,0,0,0,0,0
1561,MIX10X,2017,5/2/2017,5,0,0,0,0,0,-1
1562,MIX10X,2017,5/2/2017,10,0,0,0,0,0,0
1563,MIX10X,2017,5/2/2017,15,0,0,0,0,0,-1
1564,MIX10X,2017,5/2/2017,20,0,0,0,0,0,0
1565,MIX10X,2017,5/2/2017,25,0,0,0,0,0,0
1566,MIX10X,2017,5/2/2017,30,0,0,0,0,0,0
1567,MIX10X,2017,5/2/2017,35,0,0,0,0,0,0
1568,MIX10X,2017,5/2/2017,40,0,0,0,0,0,0
1569,MIX10X,2017,5/2/2017,45,0,0,0,0,0,0
1570,MIX10X,2017,5/2/2017,50,0,0,0,0,0,0
1571,MIX11,2017,5/2/2017,5,0,0,0,0,0,0
1572,MIX11,2017,5/2/2017,10,0,0,0,0,0,0
1573,MIX11,2017,5/2/2017,15,0,0,0,0,0,0
1574,MIX11,2017,5/2/2017,20,0,0,0,0,0,0
1575,MIX11,2017,5/2/2017,25,0,0,0,0,0,0
1576,MIX11,2017,5/2/2017,30,0,0,0,0,0,0
1577,MIX11,2017,5/2/2017,35,0,0,0,0,0,0
1578,MIX11,2017,5/2/2017,40,0,0,0,0,0,0
1579,MIX11,2017,5/2/2017,45,0,0,0,0,0,0
1580,MIX11,2017,5/2/2017,50,0,0,0,0,0,0
1581,MIX12,2017,5/4/2017,5,0,0,0,0,0,0
1582,MIX12,2017,5/4/2017,10,0,0,0,0,0,0
1583,MIX12,2017,5/4/2017,15,0,0,0,0,0,0
1584,MIX12,2017,5/4/2017,20,0,0,0,0,0,0
1585,MIX12,2017,5/4/2017,25,0,0,0,0,0,0
1586,MIX12,2017,5/4/2017,30,0,0,0,0,0,0
1587,MIX12,2017,5/4/2017,35,0,0,0,0,0,0
1588,MIX12,2017,5/4/2017,40,0,0,0,0,0,0
1589,MIX12,2017,5/4/2017,45,0,0,0,0,0,0
1590,MIX12,2017,5/4/2017,50,0,0,0,0,0,0
1591,NAT01,2017,5/1/2017,5,0,0,0,0,0,0
1592,NAT01,2017,5/1/2017,10,0,0,0,10,0,0
1593,NAT01,2017,5/1/2017,15,0,0,0,4,0,0
1594,NAT01,2017,5/1/2017,20,0,0,0,3,0,0
1595,NAT01,2017,5/1/2017,25,0,0,0,3,0,0
1596,NAT01,2017,5/1/2017,30,0,0,0,17,0,0
1597,NAT01,2017,5/1/2017,35,0,0,0,10,0,0
1598,NAT01,2017,5/1/2017,40,0,0,0,12,0,0
1599,NAT01,2017,5/1/2017,45,0,0,0,12,0,0
1600,NAT01,2017,5/1/2017,50,0,0,0,1,0,0
1601,NAT02,2017,5/3/2017,5,0,0,0,2,0,10
1602,NAT02,2017,5/3/2017,10,0,0,0,0,0,0
1603,NAT02,2017,5/3/2017,15,0,0,0,8,0,0
1604,NAT02,2017,5/3/2017,20,0,0,0,10,0,4
1605,NAT02,2017,5/3/2017,25,0,0,0,4,0,2
1606,NAT02,2017,5/3/2017,30,0,0,0,5,0,2
1607,NAT02,2017,5/3/2017,35,0,0,0,1,0,0
1608,NAT02,2017,5/3/2017,40,0,0,0,1,0,0
1609,NAT02,2017,5/3/2017,45,0,0,0,0,0,0
1610,NAT02,2017,5/3/2017,50,0,-1,0,0,0,0
1611,NAT03,2017,5/8/2017,5,0,0,0,8,0,-1
1613,NAT03,2017,5/8/2017,10,0,0,0,9,0,0
1614,NAT03,2017,5/8/2017,15,0,0,0,16,0,0
1615,NAT03,2017,5/8/2017,20,0,0,0,9,0,0
1616,NAT03,2017,5/8/2017,25,0,0,0,3,0,-1
1617,NAT03,2017,5/8/2017,30,0,0,0,5,0,3
1618,NAT03,2017,5/8/2017,35,0,-1,0,12,0,1
1619,NAT03,2017,5/8/2017,40,0,0,0,17,0,-1
1620,NAT03,2017,5/8/2017,45,0,0,0,12,0,1
1621,NAT03,2017,5/8/2017,50,0,0,0,6,0,2
1622,NAT03X,2017,5/8/2017,5,0,2,0,7,0,2
1623,NAT03X,2017,5/8/2017,10,0,-1,0,2,0,7
1624,NAT03X,2017,5/8/2017,15,0,0,0,0,0,5
1625,NAT03X,2017,5/8/2017,20,0,0,0,22,0,1
1626,NAT03X,2017,5/8/2017,25,0,-1,0,15,0,3
1627,NAT03X,2017,5/8/2017,30,0,0,0,21,0,2
1628,NAT03X,2017,5/8/2017,35,0,0,0,19,0,6
1629,NAT03X,2017,5/8/2017,40,0,0,0,6,0,6
1630,NAT03X,2017,5/8/2017,45,0,0,0,8,0,6
1631,NAT03X,2017,5/8/2017,50,0,-1,0,12,0,1
1632,NAT04,2017,5/9/2017,5,0,0,0,2,0,-1
1633,NAT04,2017,5/9/2017,10,0,0,0,6,0,0
1634,NAT04,2017,5/9/2017,15,0,0,0,9,0,0
1635,NAT04,2017,5/9/2017,20,0,0,0,4,0,-1
1636,NAT04,2017,5/9/2017,25,0,0,0,13,0,-1
1637,NAT04,2017,5/9/2017,30,0,0,0,8,0,-1
1638,NAT04,2017,5/9/2017,35,0,0,0,2,0,1
1639,NAT04,2017,5/9/2017,40,0,0,0,6,0,0
1640,NAT04,2017,5/9/2017,45,0,0,0,1,0,-1
1641,NAT04,2017,5/9/2017,50,0,0,0,5,0,-1
1642,NAT04X,2017,5/9/2017,5,0,0,0,9,0,-1
1643,NAT04X,2017,5/9/2017,10,0,0,0,9,0,0
1644,NAT04X,2017,5/9/2017,15,0,0,0,6,0,1
1645,NAT04X,2017,5/9/2017,20,0,0,0,4,0,-1
1646,NAT04X,2017,5/9/2017,25,0,0,0,1,0,1
1647,NAT04X,2017,5/9/2017,30,0,0,0,0,0,0
1648,NAT04X,2017,5/9/2017,35,0,0,0,0,0,-1
1649,NAT04X,2017,5/9/2017,40,0,0,0,0,0,-1
1650,NAT04X,2017,5/9/2017,45,0,0,0,0,0,-1
1651,NAT04X,2017,5/9/2017,50,0,0,0,0,0,-1
1652,NAT06,2017,5/3/2017,5,0,0,0,8,0,-1
1653,NAT06,2017,5/3/2017,10,0,0,0,4,0,0
1654,NAT06,2017,5/3/2017,15,0,0,0,7,0,0
1655,NAT06,2017,5/3/2017,20,0,0,0,7,0,0
1656,NAT06,2017,5/3/2017,25,0,0,0,15,0,0
1657,NAT06,2017,5/3/2017,30,0,0,0,10,0,0
1658,NAT06,2017,5/3/2017,35,0,0,0,20,0,0
1659,NAT06,2017,5/3/2017,40,0,0,0,4,0,0
1660,NAT06,2017,5/3/2017,45,0,-1,0,1,0,-1
1661,NAT06,2017,5/3/2017,50,0,0,0,0,0,0
1662,SER01,2017,5/1/2017,5,0,0,0,0,0,0
1663,SER01,2017,5/1/2017,10,0,0,0,0,0,-1
1664,SER01,2017,5/1/2017,15,0,0,0,0,0,-1
1665,SER01,2017,5/1/2017,20,0,0,0,0,0,0
1666,SER01,2017,5/1/2017,25,0,0,0,0,0,-1
1667,SER01,2017,5/1/2017,30,0,0,0,0,0,-1
1668,SER01,2017,5/1/2017,35,0,0,0,0,0,0
1669,SER01,2017,5/1/2017,40,0,0,0,0,0,0
1670,SER01,2017,5/1/2017,45,0,0,0,0,0,0
1671,SER01,2017,5/1/2017,50,0,0,0,0,0,-1
1672,SER02,2017,5/3/2017,5,0,0,0,0,0,0
1673,SER02,2017,5/3/2017,10,0,0,0,0,0,0
1674,SER02,2017,5/3/2017,15,0,0,0,0,0,0
1675,SER02,2017,5/3/2017,20,0,0,0,0,0,0
1676,SER02,2017,5/3/2017,25,0,0,0,0,0,0
1677,SER02,2017,5/3/2017,30,0,0,0,0,0,0
1678,SER02,2017,5/3/2017,35,0,0,0,0,0,0
1679,SER02,2017,5/3/2017,40,0,0,0,0,0,0
1680,SER02,2017,5/3/2017,45,0,0,0,0,0,0
1681,SER02,2017,5/3/2017,50,0,0,0,0,0,0
1682,SER03,2017,5/3/2017,5,0,0,0,0,0,0
1683,SER03,2017,5/3/2017,10,0,0,0,0,0,0
1684,SER03,2017,5/3/2017,15,0,0,0,0,0,0
1685,SER03,2017,5/3/2017,20,0,0,0,0,0,0
1686,SER03,2017,5/3/2017,25,0,0,0,0,0,-1
1687,SER03,2017,5/3/2017,30,0,0,0,0,0,0
1688,SER03,2017,5/3/2017,35,0,0,0,0,0,0
1689,SER03,2017,5/3/2017,40,0,0,0,0,0,0
1690,SER03,2017,5/3/2017,45,0,0,0,0,0,0
1691,SER03,2017,5/3/2017,50,0,0,0,0,0,0
